s,1,2,3,4,5,6,7,8,9,1,2,3,4,5,6,7,8,9,1,2,3,4,5,6,7,8,9,1,2,3
1,New Tech Northwest,Andersen Tax,Occidental College,Frazier Healthcare Partners,Google,Ipreo; formerly Shareholder InSite; Inc.,Frazier Healthcare Partners,Andersen Tax,FAS 157
2,Islamic Development Bank (IDB),Coursera,ITIL Version 3 Foundation Exam,The Data Scientist’s Toolbox,Intro to Philosophy - University of Oxford Online Course,QurSim: A corpus for evaluation of relatedness in short texts,Al-Suwaidi Holding Company,TextWise,Pulse
3,Geisel School of Medicine at Dartmouth,University of Newcastle,Qatar Foundation,Stanford University,Sidra Medical and Research Center,Qatar Foundation,Supreme Council of Health ( SCH ) - Qatar,Data Science Dojo,Data Science and Data Engineering Bootcamp,Healthcare Facility Inspector Training,English,Qualitative Research
4
5
6,TiE,Catalyst Network,Techstars,1776,Back to the Roots; Inc.,StreetWise Partners,HoneyBook,Accenture,Joseph Haslag,Previous Estimates Overstate 'Fair Tax' Rates; Harms
7,IBM Global Business Services Talent & Engagement,Singtel,Certificate in Advanced Statistics,This excel sheet will somewhat solve your startup problems,Inc. Magazine,Simon Sinek; Inc.,Tata Strategic Management Group,Pulse,IBM Global Business Services Talent & Engagement,Singtel,Certificate in Statistical Modeling,This excel sheet will somewhat solve your startup problems
8,Microsoft,Worcester Polytechnic Institute,Pulse,edX,Microsoft,Data Science Dojo,edX Verified Certificate for Querying with Transact-SQL,edX Verified Certificate for Data Science Orientation,Data Science and Data Engineering Bootcamp,Ricardo Lopez Barquilla,An application of reliability theory to the fire safety of U.S. Coast Guard ships
9,Virgin Money,Lloyds Banking Group,University of Birmingham,Pulse,RBS,Halifax,Bank of Scotland,Spanish,Business Analysis
10,TechCrunch,WIRED,LinkedIn,Mashable,Technology,Carnegie Mellon University,Mastercard,Microsoft,English,Python
11,Dropbox,Amazon Web Services,Lyft,Microsoft,English,SQL,Mathnasium of Redmond,Amazon,Pixalate,Zenefits,LinkedIn
12,Conscius,Cloudera,Commonwealth Computer Research; Inc. (CCRi),rediCloud,Cloudera,Consultant / Independent,rediCloud,Data Science Dojo,Cloudera Certified Developer for Apache Hadoop (CCDH),Data Science and Data Engineering Bootcamp,English,Hadoop
13,Fuchsia Inc.,INRIX,Microsoft,Web Analytics,SQL,Tableau Software,Harvey Nash Group,Microsoft,Ryerson University
14,MTN,Honeywell,The Boston Consulting Group (BCG),Lahore University of Management Sciences,Hasson Associates Recruitment Ltd,Pulse,Telenor,Unilever,Data Science Dojo,Certificate of Completion - Data Science and Data Engineering Bootcamp,Project Planning
15,TechCrunch,Clarive Software; Inc.,Unit4,Swiss Agency for Development and Cooperation,Haufe-umantis AG,Linux Professional Institute,EC-Council,Novell,UNDP,APPDEC | Application Development Center,Certified Ethical Hacker,Novell Certified Linux Administrator,LPIC-1,English,Internet Penetration and Usage in Kosovo (2012),Haufe-umantis AG,LinkedIn,Pulse
16,EQUATE Petrochemical Company ???? ?????? ??????????????,Kuwait Oil Company,The Dow Chemical Company,Big Data,EQUATE Petrochemical Company ???? ?????? ??????????????,Tajr,The Dow Chemical Company,Data Science Dojo,Six Sigma Green Belt Project Leader,Data Science and Data Engineering Bootcamp,National Leader Development Program; Cornell University,ABAP
17,S&P Global Market Intelligence,Graphiti XYZ,Facebook,Amazon,Internet Technologies,Product Management,Salesforce,Tableau Software,Keystone Strategy,Mashable,Big Data,LinkedIn,LogiNext,Pulse
18,Dell EMC,Hewlett Packard Enterprise,Apple,Yu; Qingfeng ,Information Architecture,HP,Dell EMC,WIRED,Apple
19,University of Washington; Henry M. Jackson School of International Studies,Massachusetts Institute of Technology,University of Washington,Harvard University,Universidad de Chile,University of Washington,Massachusetts Institute of Technology,Data Science Dojo,Data Science and Data Engineering,Proteomics,LinkedIn,Pulse
20,The Janssen Pharmaceutical Companies of Johnson & Johnson,Patrizia Pepe,Erasmus University Rotterdam,Rotterdam School of Management; Erasmus University,Genomedics srl,Agenzia Regionale di Sanità Toscana,Data Science Dojo,Data Science and Data Engineering Bootcamp,Leonetti R.,The resistance to contraceptive use in young Italian women,Genomedics srl,Agenzia Regionale di Sanità Toscana,Data Science Dojo,Data Science and Data Engineering Bootcamp,Leonetti R.,The resistance to contraceptive use in young Italian women
21,University of Toronto,The University of Chicago Booth School of Business,BDC,Pulse,University of Toronto,Sanofi,Ontario Society of Professional Engineers,Origin Merchant Partners,BDC,Flagship Pioneering,Data Science Dojo,Data Science and Data Engineering Bootcamp,P.Eng.,Hungarian,Investment Banking
22,Wimmer Solutions,Google Analytics Solutions,Cloud Computing,LinkedIn,TED Conferences,Coursera Course Certificates,Expedia; Inc.,Symetra,Microsoft,Unisys,GRT Corporation,EXIN your ICT competence partner,TOGAF 9,ITIL® Foundation Certificate in IT Service Management,Russian,Scrum
23,Época NEGÓCIOS,TechCrunch,Folha de S.Paulo,Universidade Federal do Rio de Janeiro,Pulse,TIM Brasil,Globo.com,Data Science Dojo,Data Science and Data Engineering Bootcamp,Andre Cataldove,Business Intelligence
24,Sprint Junior-Entreprise,likesocialbiz,edX,Data Science Dojo,Data Science and Data Engineering Bootcamp,edX Verified Certificate - MITx 6.041x Introduction to Probability - The Science of Uncertainty,Programming Foundations with Python,Gestion de projet,CACG,Sprint Junior-Entreprise,Banque de Luxembourg,Activision
25,Avanade,Microsoft,Pulse,Quark Software Inc.,Avanade,Vroom Technologies,Coursera,Microsoft,MS: Implementing Microsoft Azure Infrastructure Solutions,Machine Learning,MCPS: Microsoft Certified Professional,Scrum
26,Big Data University,Microsoft,LMRA,Society of Petroleum Engineers International ,Tatweer Petroleum,Data Science Dojo,Data Science and Data Engineering Bootcamp,Implementing Predictive Analytics with Spark in Azure HDInsight,BD0111EN: Hadoop 101,English,Machine Learning,Mohammed Bin Rashid University of Medicine and Health Sciences (MBRU),Kaggle,Weatherford,Tatweer Petroleum,ADNOC,Pulse,LinkedIn,VentureBeat,Simon Sinek; Inc.,Pulse
27,Blueprint Software Systems,RBC,Direct Energy,Trapeze Group,Satmetrix,Data Science Dojo,Net Promoter Certified,Data Science and Data Engineering Bootcamp,Green Belt; Six Sigma; June 2014,Segmentation,Blueprint Software Systems,Globe Media Group,Xaxis,Workplace Safety & Prevention Services,Toronto Hydro
28
29,DOCS,Far Harbor; LLC,The Cooper Institute,City Running Tours,Big Data,2M Research Services,University of Nevada; Reno School of Medicine,National Cancer Institute (NCI),Dr. Susan Love Research Foundation,Data Science Dojo Bootcamp,Do Men Receive Information Required for Shared Decision Making About PSA Testing? Results from a National Survey
30,Learnit BV,WEBER Creatives,BrandLoyalty,Holista Biotech,Data Science Dojo,ESN Groningen,Data Science and Data Engineering,Strategic Marketing,Business Insights,Holista Biotech,Brandwatch,Hanzehogeschool Groningen / Hanze University of Applied Sciences Groningen,Digital Analytics Association,Uber,BrandLoyalty
31,Product Hunt Toronto,Virginia Commonwealth University,MASS Engines,Influitive,Artistri Sud,Data Science Dojo,Data Science and Data Engineering Bootcamp,Setting up and Sustaining your Creative Practice,Advocate Marketing Certification,International Economics,Leadership,Randstad Canada,Google,SheEO™ Inc,The World Bank,Professional Women,Blackbaud,Grant Thornton LLP,Spark Hire; Inc.,SAP,Uberflip,Nvoicepay,Paycor
32,MAQ Software,Wimmer Solutions,Scrum Alliance,Microsoft,Murphy & Associates; Inc.,Data Science Dojo,Certified Scrum Product Owner (CSPO),Data Science and Data Engineering,Certified Scrum Master (CSM),Business Finance,SharePoint,Facebook,Sammamish Montessori School,Coursera,Urgenci,SMART Technologies
33,Google,Allen Partners; Inc.,Wimmer Solutions,Group Health,Microsoft,Technology,Microsoft,Data Science Dojo,Data Science and Data Engineering Bootcamp,Project Leadership; Management and Communications,Software Project Management
34,Microsoft,Pulse,SolutionsIQ,Avatar Interactive,Microsoft,Russian,Test Planning
35
36,VSP Global,Eyefinity,University of California; Davis,Pulse,VSP Global,Eyefinity,Accenture,Data Science Bootcamp,Web Services
37,DCI-Artform,CUNA Mutual Group,University of Wisconsin-Extension; Continuing Education; Outreach and E-Learning,University of Wisconsin-Madison,Business Objects,University of Wisconsin-Extension; Continuing Education; Outreach and E-Learning,Big Data
38,University of California; Berkeley,The Johns Hopkins University Applied Physics Laboratory,University of Delaware,Pulse,Intel Corporation,University of California; Berkeley,The Johns Hopkins University Applied Physics Laboratory,Energy Efficiency
39,Care1st Health Plan - Yes; its all about you.,Andrews University,Pulse,OM Ships International,Microsoft,Resources Online,Onvia,Care1st Health Plan - Yes; its all about you.,MCSD; MCP; MCAD - C#; .NET; Software Design; ASP.NET; SQL Server; Visual Basic etc,Web Development
40,Bloomberg LP,University of Toronto - Rotman School of Management,BBC News,Wilfrid Laurier University,Coursera,University of Waterloo,CAIA Association,BMO Financial Group,PRMIA - Professional Risk Managers'? International Association,The Carlyle Group,CFA Institute,Professional Risk Manager (PRM),Chartered Financial Analyst (CFA),Chartered Alternative Investment Analyst (CAIA),Excel Financial Modeling I,Investments
41,The University of Texas at Austin,University of Illinois at Urbana-Champaign,Pulse
42,University of Ottawa,BC Transit,Pulse,WorkSafeBC,DAI,Vietnam Veterans of America Foundation,BC Transit,The World Bank,Occupational First Aid Level 3,GIS analysis
43,ISABELLA OLIVER LTD,TalentScotland,Aggreko,Data Science Dojo,Aggrego Technology,SQL
44,UBS,Hewlett Packard Enterprise,Oracle,RAC,Finite Recruitment Solutions,Qualcomm,Monetary Authority of Singapore (MAS),University of Lucknow,LinkedIn,Verizon,Data Science Dojo,Nanyang Technological University,Verizon Enterprise Solutions,Business Insider,INTEREL,Pulse
45,Disney Interactive,FreshGrade,Data Science Dojo,Pulse,Disney Interactive,FreshGrade,California State University; Chico,Data Science Dojo,Data Science and Data Engineering Bootcamp,Project manager - Localization,Localization professional,MySQL
46,The University of Queensland,CSIRO,Pulse,Macquarie University,CSIRO,Biodiversity
47,ACCIONA,Babson College,IBM,stae,The Bandeed Jam,EAE Business School,Coursera Course Certificates,SDG Group,8Wires,Data Science Dojo,ESADE Business & Law School,Customer Analytics,The Data Scientist’s Toolbox,Data Science and Data Engineering Bootcamp,Gallego,Young entrepreneur from Ribadeo launches a pioneer website in Spain for on demand live concerts,EAE Business School,Coursera Course Certificates,SDG Group,8Wires,Data Science Dojo,ESADE Business & Law School,Customer Analytics,The Data Scientist’s Toolbox,Data Science and Data Engineering Bootcamp,Gallego,Young entrepreneur from Ribadeo launches a pioneer website in Spain for on demand live concerts,Teknecultura,CAP S.A.
48,Tesla,Amazon,Costco Wholesale,Microsoft,Coursera Course Certificates,Coursera,(Startup),Microsoft,The Data Scientist’s Toolbox,R Programming,Machine Learning,Tamil,Test Planning
49,NETSCOUT,Intel Security,Gilead Sciences,Roche,Thermo Fisher Scientific,MCAD.NET,C#,WIRED,Intel Security,Data Science Dojo,What Inspires Me
50,i4j Innovation for Jobs by IIIJ Foundation,University of California; Berkeley,Kauffman Foundation,Kauffman Foundation,The University of Kansas,AIESEC,United Nations,Team Rubicon USA,Portuguese,Kauffman Index: Startup Activity 2015 | National Trends,LinkedIn,Bloomberg,Pulse
51,Bank of America,MIT Professional Education,The DevMasters,MIT Professional Education Digital Programs Professional Certificate for Data Science: Data to Insights,English,Big Data
52,SolidQ,Microsoft,Auditing in SQL Server 2008,Microsoft,Pulse
53,Humana,Linksbridge,Yale University,Yale University Careers,Yale University School of Medicine,Humana,Linksbridge,Strategy
54,Microsoft,Pulse,Microsoft,Deloitte,CSPO,SQL
55,eBay,Verified Person by Sterling Talent Solutions,Yahoo! Inc.,KPMG,English,Analytics,Quartz,Uber
56,Autodesk,ATP Tour; Inc.,Pulse,Israel Defense Forces,Autodesk,for-each,Software Development
57,Northeastern University,Microsoft,Amazon,Pulse,Intellectual Ventures,Microsoft,English
58,Microsoft,Diebold Nixdorf,Data Science Dojo,Data Science; Machine Learning and Data Engineering,Management,Diebold Nixdorf
59,Bank of America,Amazon,Verizon,Oracle,Tata Consultancy Services,English,Production Support,TechCrunch,Harvard Business Review,LinkedIn,Sathyabama University,Engadget,Big Ideas & Innovation
60,University of Utah,Western Governors University,University of Utah - Employment,IPG Mediabrands,Pulse,Simply Measured,IPG Mediabrands,Concur,T-SQl
61,IO Visor Project,Nature Research (Publishing),Business Travel,Netsil,PLUMgrid Inc.,YotaScale,Marvell Semiconductor,Data Science Dojo,The Capital-Lite Semiconductor Model: Revitalizing Semiconductor Startup Investment
62,BPTP Limited,Scaled Agile; Inc.,Coursera Course Certificates,Microsoft,iMart Corporation,Data Science Dojo,Certified Scaled Agile Practitioner,Chinese for Beginners,Data Science and Data Engineering Bootcamp,English,.NET,Fortune Magazine
63
64,Oracle,Microsoft,English,Testing,Azuga; Inc.,WinVinaya InfoSystems,Microsoft,Pulse
65,TechCrunch,Harvard Business Review,The Wall Street Journal,MLSec Project,The World Bank,GIAC Certifications,The World Bank,GIAC Security Essentials Certification (GSEC),GIAC Security Leadership (GSLC),GIAC Web Application Penetration Tester (GWAPT),Security Data Visualization
66,Topgolf,Coursera,Ziosk,American Airlines,Grow to Greatness: Smart Growth for Private Businesses; Part II,Critical Perspectives on Management,Networked Life,Data Modeling
67,XLRI Jamshedpur,Idea Entity,Microsoft,Amazon,Data Science Dojo,Data Science and Data Engineering Bootcamp,English,Pre-sales,Idea Entity,Microsoft,Amazon,Data Science Dojo,Data Science and Data Engineering Bootcamp,English,Pre-sales
68,Makegood Software,Appuri,Microsoft,Big Ideas & Innovation,Appuri,Microsoft,Empty Space Ads,Faith Allington,Cloud Computing,7Park Data,LinkedIn,TechCrunch,Pulse
69
70,Santa Clara University,Amazon,Turi (formerly Dato),Redfin,Data Science Dojo,Redfin,Data Science Dojo,Oregon State University,Jimmy Hastings,Computational modeling of nanosecond time-scale charge carrier dynamics in organic semiconductors,Redfin,Data Science Dojo,Oregon State University,Jimmy Hastings,Computational modeling of nanosecond time-scale charge carrier dynamics in organic semiconductors
71,Fathom Marketing,General Assembly,Domo; Inc.,CVS Health,Progressive Insurance,Coursera Course Certificates,BAI Inc - Meeting Client Challenges with Vision and Innovation,Data Science Dojo,The Data Scientist’s Toolbox,Python for Everybody Specialization,Data Science and Data Engineering Bootcamp,Data Community DC,Government Contracting
72,Lehigh University,Cascadia Community College,Microsoft,Pulse,Microsoft
73,VoiceBase; Inc.,FlashCo Manufacturing; Inc,TechSolve; Inc.,Data Science Dojo,Data Science and Data Engineering Bootcamp,Data Science and Data Engineering Bootcamp,Game Theory,Product Development,Santa Rosa Junior College,College of Marin,Métier,RGS Energy,Sonoma State University,Pulse
74,Twitch,Roku Inc.,Cortex Intelligence,Marketing & Advertising,Thomson Reuters,TechCrunch,Pulse,Globo.com,Laboratório de Processamento de Sinais - UFRJ,Data Science Dojo,Data Science and Data Engineering Bootcamp,Andre Cardoso,Product Management
75,Cybera Inc,University of Calgary,University of Guelph,Pulse,Cybera Inc,University of Calgary,Data Science Dojo,Data Science and Data Engineering Bootcamp,FecB; a periplasmic ferric-citrate transporter from E. coli; can bind different forms of ferric-citrate as well as a wide variety of metal-free and metal-loaded tricarboxylic acids.
76,Tech Data,IKEA Group,West Point Underwriters LLC,The RehabGYM Inc.,National Strength and Conditioning Association (NSCA),Special Olympics Vermont,Data Science Dojo,Data Science and Data Engineering Bootcamp,Certified Strength and Conditioning Specialist,English,SQL,West Point Underwriters LLC,National Strength and Conditioning Association (NSCA),University of South Florida,Satalia
77,Coursera Course Certificates,Microsoft,Big Data,Coursera Course Certificates,Microsoft,Exploratory Data Analysis,Getting and Cleaning Data,Reproducible Research,English
78,ACCIONA,Data Science Dojo,Data Science and Data Engineering Bootcamp,Sergio Jiménez Benito,.NET en las energías renovables,ACCIONA,Data Science Dojo,Data Science and Data Engineering Bootcamp,Sergio Jiménez Benito,.NET en las energías renovables,GreenPowerMonitor,DevsDNA,AIN - Asociación de la Industria Navarra
79,Customer Relationship Metrics,Charter Communications,Spectrum (formerly Time Warner Cable),Kaplan University,Statistical Modeling,The Charmer Sunbelt Group,USA800; Inc.,The Analytics Institute Ltd,Pulse
80,Tangerine,Pulse,Tangerine,Banking
81,PwC Singapore,Fave,Massachusetts Institute of Technology,Data Science Dojo,Tackling the Challenges of Big Data,Data Science: Data to Insights,Certificate of Completion - Data Science and Data Engineering Bootcamp,English,R,South China Morning Post SCMP,Social Impact
82,EYC3,Coursera Course Certificates,STANLIB,Velrada,Inobits Consulting,The Data Scientist’s Toolbox,Getting and Cleaning Data,R Programming,OLTP,Mexia,LinkedIn,Data Science Dojo,Every Vowel,Pulse
83,Harmony Hill,Wavii,University of California; Davis,Pulse,Costco Wholesale,Disney Interactive,Microsoft,Certificate of C,The Green Executive Recruiter Directory: The Most Complete Compilation of US Search Firms That Specialize in Renewable Energy; Green Building; Sustainability; Environmental; and Other Green Careers,Costco Wholesale,Disney Interactive,Microsoft,Certificate of C,The Green Executive Recruiter Directory: The Most Complete Compilation of US Search Firms That Specialize in Renewable Energy; Green Building; Sustainability; Environmental; and Other Green Careers
84,Travelers,Nextdoor,McMaster University,Pulse,N5R.com,Genworth Canada,Stratagene,CIBC,Vonage Canada,Integration
85,Microsoft,Apache Spark,Microsoft,Apache Spark,Microsoft,University of Nottingham
86,AXA US,Pulse,AXA US,Coursera Course Certificates,Data Science Dojo,Data Science Specialization,Certified Data Management Professional (CDMP),Data Analytics
87
88,Carnegie Mellon University,OSIsoft,Pulse,Avon,OSIsoft,Data Science Dojo,Data Science and Data Engineering Bootcamp,OSIsoft PI
89,Ash Brokerage,SAS,Arkansas State University,Arkansas Department of Education,Coursera Course Certificates,University of Arkansas at Little Rock,Dawson Education Cooperative,R Programming,The Data Scientist’s Toolbox,English,PMP
90,DuPont Pioneer,DuPont,Jennifer L. Davidson,Genetic algorithms for texture model identification and synthesis,TechCrunch,Iowa State University,TS Bank; Treynor State Bank,DuPont,DuPont Nutrition & Health,GeoLearning,Leadership & Management
91,LinkedIn,Green Party of Ontario,Autodesk,Bob Gundu,Learning Maya version 1.0,SideFX Software,PlayStation,Social Media
92,National Park Service,McGill University,Law & Government,National Park Service,French,Remote Sensing
93,TechCrunch,Miami University,Atos,Big Ideas & Innovation,Siemens,Siemens IT Solutions and Services Pvt. Ltd.,Atos,Business Process Improvement
94,Montana Conservation Corps,Spring ISD,Vote Smart,Center for Healthy Minds,The Ranch at Rock Creek,CPR and First Aid,Data Wrangling,Wakefield Research,FGI Research & Analytics,Professional Women
95,Microsoft,Microsoft,Pulse,Microsoft
96,HIMSS,Agnito Labs,Legal Robot,Financial Industry Regulatory Authority (FINRA),Founder Institute,McKesson,Uniform Investment Advisor Law Examination - Series 65,Certified Professional in Healthcare Information & Management Systems (CPHIMS),Association for the Advancement of Artificial Intelligence,Integration,CodeX; The Stanford Center for Legal Informatics,LinkedIn,HIMSS,Agnito Labs,Legal Robot,Financial Industry Regulatory Authority (FINRA),Founder Institute,McKesson,Uniform Investment Advisor Law Examination - Series 65,Certified Professional in Healthcare Information & Management Systems (CPHIMS),Association for the Advancement of Artificial Intelligence,Integration
97,Starbucks,All Star Directories,Porch,Array Health,Sound Physicians,Alibaba.com,University of Washington Information School,All Star Directories,Coursera Course Certificates,Array Health,Pointmarc; A Merkle Company,DataCamp,Data Science Dojo,Statistical Thinking in Python (Part 1),Data Science and Data Engineering Bootcamp,The Data Scientist’s Toolbox,Event Planning
98,Genesis Oil and Gas Consultants,BP,Loughborough University,Schlumberger,Oil and Gas Redundancy Support,Pulse,BP,DataCamp,BNFL,KBR / Granherne,Institution of Chemical Engineers (IChemE),Genesis Oil and Gas Consultants,Data Science Dojo,Chartered Engineer,Data Science and Data Engineering Bootcamp,Introduction to R,English,Flow Assurance
99,Japan Exchange and Teaching Program(me) (JET),Cybera Inc,University of Calgary,Scrum.org,Project Management Institute,Professional Scrum Master - PSM I,Project Management Professional (PMP),Cloudera Data Analyst Training: Using Pig; Hive; and Impala with Hadoop,Teaching,Data for Good,Cybera Inc,Dissolve Inc.,University of Calgary,Innovate Calgary
100,Nous Group,Freshfields Bruckhaus Deringer,Coursera,Herbert Smith Freehills,Data Science Dojo,Data Science and Data Engineering Bootcamp,The Data Scientist’s Toolbox,R Programming,Data Analysis,Starfish Ventures,Future Fund Management Agency,Gartner,VicSuper,Infoxchange,Swinburne University of Technology,Data Science Dojo
101,Schibsted Spain,InfoJobs,Pulse,Corporació Catalana de Mitjans Audiovisuals,InfoJobs,Avaya,Catalan,MySQL
102,University of Washington,Microsoft,Data Science Dojo,Pulse,Coursera Course Certificates,Microsoft,Data Science Dojo,Machine Learning: Regression,Communicating Data Science Results,Practical Predictive Analytics: Models and Methods,Data Visualization,Coursera Course Certificates,Microsoft,Data Science Dojo,Machine Learning: Regression,Communicating Data Science Results,Practical Predictive Analytics: Models and Methods,Data Visualization,YouTube
103,Sheffield Hallam University,Ralph Lauren,Hearst Magazines,Freshfields Bruckhaus Deringer,Ralph Lauren,Marshall Wace,•\tMCITP in Business Intelligence Development Using SQL Server 2008,ETL,Hearst Magazines,Freshfields Bruckhaus Deringer,Ralph Lauren,Marshall Wace,•\tMCITP in Business Intelligence Development Using SQL Server 2008,ETL
104,Lending Club,Adastra,American Banker,DBS Bank,Scotiabank,Tangerine,B2B Bank,Data Science Dojo,Scotiabank,Data Science and Data Engineering Bootcamp,English,Banking,LinkedIn,Pulse
105,University of Central Florida,University of Miami,Microsoft,Pulse,Coursera Course Certificates,Northrop Grumman Corporation,Velocity Partners,Microsoft,Regression Models,Cluster Analysis in Data Mining,Statistical Inference,English,Architectural Design
106,Avanade,Liftable Media Inc,American Express,English,Big Data: Is the Hype Over Yet?,Liftable Media Inc,Liftable,GoDaddy,Slalom Consulting,Western Journalism,American Express,Waterline Data
107,IDEO,Emblazer Laser Etching Studio,Your Career,DRS SSI,Aclara,Data Science Dojo,Data Science and Data Engineering Bootcamp,Associate Systems Engineering Professional (ASEP),Electro-Horticulture - The Secret to Faster Growth; Larger Yields & More... Using Electricity!
108
109,UnitedHealth Group,HCL Technologies (Infrastructure Services Division),Microsoft,Microsoft Certified Professional,Hindi,VMware,Adobe,CSC Careers,Ramboll,Groupe Renault,Sapient Global Markets,Boston Scientific,American Express
110,Prudential Financial,Getit Infomediary Ltd,Kantar TNS,Nielsen,Hindi,Customer Insight,LinkedIn,Pulse
111,University of Houston,Data Science Dojo,Pulse,Coursera Course Certificates,BASF,Getting and Cleaning Data,The Data Scientist’s Toolbox,R Programming,AIChE,Databases
112,aftercode,Iowa State University,Docalytics,GovLoop,Mattermark,Demand Quest; Inc.,OptiMine Software; Inc.,Bigfoot Analytics,Google,DataCamp,Demand Quest; Inc.,When I Work,Three Deep Marketing,Data Science Dojo,Google Analytics Individual Qualification,Introduction to R,Data Science and Data Engineering Bootcamp,The One Simple Employee Scheduling Trick That Could Save Your Business Thousands of Dollars,Data Science Dojo
113,SiEBEN Ltd,GVC Group,Data Science Dojo,Data Science and Data Engineering Bootcamp,National Technical University of Athens,Product Management
114,Amazon Web Services,University of Illinois at Urbana-Champaign,Amazon,Pulse,Cisco,Amazon Web Services,Procter & Gamble,C
115,Western University,Pulse,Western University,Microsoft,Teaching
116,Ferrum College,Massachusetts Institute of Technology,Data Science Dojo,Applied Cybersecurity,Data Science and Data Engineering Bootcamp,International Association for Counterterrorism & Security Professionals,Emerging technologies: A correlational study and regression model for predicting public health   professionals’ attitudes toward global sensor networking; 2010/2011-  Dissertation 2.\tEmerging Technologies: Public Health Educators’ Knowledge and Attitud,Massachusetts Institute of Technology,University of South Florida
117,Intuit,Microsoft,Data Science Dojo,Data Science and Data Engineering Bootcamp,Applied Business Statistics,Strategic Planning,Facebook,Co.Host,Google,Twitter,Microsoft,Airbnb,USA TODAY
118,Microsoft,Analytics,Microsoft,Pulse,Microsoft,Analytics
119,Amazon,Amplero,Franklin University,Skytap,DeVry University,Battelle,Globys Inc,Amazon,Allrecipes.com,Software Development
120,IFP School,IBGE,Endeeper,Bull,Data Science Dojo,MOOC Oil & Gas Achievement Certificate,Data Science and Data Engineering Bootcamp,English,Knowledge Management,Chevron,OGX Oil and Gas,Encana Corporation,Oman Oil Company,IBGE
121,ANZ,Curtin University,PGi,OCBC Bank,ANZ,Data Science Dojo,Certificate of Completion - Data Science and Data Engineering Bootcamp,Analytics,Changi Airport Group,Data Science Dojo
122,Coursera Course Certificates,Instituto Internacional de Ciencia de Datos,PwC Mexico,Database Management Essentials,The Data Scientist’s Toolbox,R Programming,Google AdWords Qualified - Search Advertising,SEM,TechCrunch,PwC Mexico,i2ds,Recode,Accenture,Data Science Dojo,Business Intelligence and Data Analytics Solutions Review,Atma - An Accelerator for Education
123
124,Passei Direto,CargoX,The Climate Corporation,Neocom Informação Aplicada,Universidad de Valparaíso,Pulse,The University of Texas at El Paso,MIT Professional Education,SEA Tecnologia,Universidade de Brasília,United Arab Emirates University,A Fantástica Fábrica de Tecnologia,Data Science: Data to Insights,Thiago Marques,Computational Cost Reduction in Learned Transform Classifications
125
126,lloopp,Smart Communications; Inc.,Data Science Dojo,Data Science and Data Engineering Bootcamp,Mobile Devices,AGTech,Data Science Dojo,Economy,LinkedIn,Data Science Dojo,Pulse
127,BOTique,Gartner,Coursera Course Certificates,Israel Defense Forces,Gartner,Data Science Dojo,Developing Innovative Ideas for New Companies: The First Step in Entrepreneurship,Machine Learning,Data Science and Data Engineering Bootcamp,Hebrew,Software Design
128,Auth0,Amazon,Cloud Security Alliance,National Security Agency,Certified Ethical Hacker (CEH),Intrusion Detection,Context Relevant,Intel Security,Mandiant,CrossChx,Spruce Health,CyberPoint International
129,Massachusetts Institute of Technology,Intel Corporation,Pulse,Intel Corporation,Massachusetts Institute of Technology,Stanford University,Data Science Dojo,Data Science and Data Engineering Bootcamp,Tackling the Challenges of Big Data,Spin correlations in the electron-doped high-transition-temperature superconductor Nd2-xCexCuO4±d
130,Track DDB,Amphenol Canada Corp.,Northbridge Insurance,Firsthand Inc,Data Science Dojo,Data Science and Data Engineering Bootcamp,English,PowerPoint,Think with Google,Think with Google,SEPHORA,McKinsey & Company,Precima,Northbridge Insurance,Apparel & Fashion
131,McKinsey & Company,General Assembly,McGill University School of Continuing Studies,La Ruche (sociofinancement),Ferst Capital Partners (FCP),Data Science Dojo,User Experience ,Data Science and Data Engineering Bootcamp,Admission to practice law in New York,Innovative development financing,Harvard Business Review,Seedlify,LinkedIn,PayPal,Open Farm Inc.,Ferst Capital Partners (FCP),Dream Payments,Evree Corp,Finaeo Inc.,CNBC,Flinks.io
132,ATB Financial,InSync Systems,Data Science Dojo,ATB Financial,ENMAX,Scrum Alliance,Project Management Institute,Data Science Dojo,Certified ScrumMaster,PMP,Data Science and Data Engineering Bootcamp,Business Analysis
133
134,innocent drinks,IceMobile,San Francisco State University,Bureau voor Kwaliteitszorg,IceMobile,JACOBS DOUWE EGBERTS,Jelmer Staring,Food Industry
135,University of California San Diego,Rafter; Inc.,Coursera Course Certificates,The Tech Museum of Innovation,FiveStars,Workers'? Compensation Insurance Rating Bureau,Rafter; Inc.,The Data Scientist’s Toolbox,R Programming,English,Ad Hoc Reporting
136,Rabobank Oost Betuwe,NIBE-SVV Opleidingen?,Rabobank Apeldoorn en omgeving,United4You,Rabobank Heerenveen-Zuidoost Friesland,Propertize,Balanslezen,Zekerheden en Ondernemingsvormen,Zakelijke Kredietverlening,Engels,Dutch,Autoriteit Financiële Markten,Wft Vragenbank.nl,University of Amsterdam,Windesheim,Incentro,LinkedIn,Pulse
137,The Rank Group plc,Radley James,ELEXON,RBW Consulting LLP,Harrods,Ofcom,ELEXON,The Open Group,Financial Microscope,Lynda.com,Techniques and Concepts of Big Data,PMP,Data Warehousing,Harrods,Ofcom,ELEXON,The Open Group,Financial Microscope,Lynda.com,Techniques and Concepts of Big Data,PMP,Data Warehousing
138,Birla Institute of Technology and Science; Pilani,Google,Amazon,Apple,Microsoft,Pulse,Cognizant,Oracle,Project Management Institute,KLA-Tencor,Project Management Professional,Requirements Analysis,Data Science Dojo
139,Media General,POSSIBLE,GearLaunch,AIESEC Seattle,Domo; Inc.,AIESEC Seattle,POSSIBLE,North Seattle College,REI,Data Science Dojo,Principles of Sales,SQL
140,University of Washington; Michael G. Foster School of Business,University of Washington,Microsoft,Pulse,Microsoft,English,Enterprise Software,Microsoft,English,Enterprise Software
141,The Economist,Data Science Dojo,Big Data,Forbes,Washington State Board for Community and Technical Colleges,T-Mobile,Data Science Dojo,Data Science and Data Engineering Bootcamp,English,Mobile Devices
142,IBM,Pepperdine University,Data Science Dojo,Penn State University,Pulse,Heritage Christian School,University of California; Los Angeles,Pepperdine University,University of Virginia,Data Science Dojo,Penn State University,Data Science and Data Engineering Bootcamp,ASCI,Magnetohydrodynamical Simulations of Hot Jupiter Upper Atmospheres
143,Washington State University,OECD Nuclear Energy Agency,Comprehensive Nuclear-Test-Ban Treaty Organization - CTBTO,American Nuclear Society,Washington State University,University of Pittsburgh,Pacific Northwest National Laboratory - PNNL,Westinghouse Electric Company,Data Science Dojo,Data Science and Data Engineering Bootcamp,English,Application of RAPTOR-M3G to Reactor Dosimetry Problems on Massively Parallel Architectures,Washington State University,University of Pittsburgh,Pacific Northwest National Laboratory - PNNL,Westinghouse Electric Company,Data Science Dojo,Data Science and Data Engineering Bootcamp,English,Application of RAPTOR-M3G to Reactor Dosimetry Problems on Massively Parallel Architectures
144,The Children's Hospital of Philadelphia,American Heart Association | American Stroke Association,LIMBS International,IEEE,The University of Texas at El Paso,Rutgers University,LIMBS International,Data Science Dojo,Data Science and Data Engineering,Tau Beta Pi,Arterial Hemodynamics and Its Interaction with the Left Ventricle in Heart Failure,LinkedIn,Pulse
145,National Center for Supercomputing Applications,Sojern,Parallel Programming,Rutgers University,University of South Carolina-Columbia,Twitter
146
147,Coursera Course Certificates,Highmark Inc.,Aetna,HTC Global Services,Texas Medicaid & Healthcare Partnership,Nebraska Department of Health and Human Services,The Data Scientist's Toolbox,Getting and Cleaning Data,R Programming,English,Data Analysis,Cigna,Illinois State University,ELAP Services,Humana
148
149,University of Alberta,Pulse
150,Scaled Agile; Inc.,Amazon,Microsoft,Safe Program Consultant,Product Management,shopkick,Airbnb,Uber,Leadership & Management
151,Dale Carneige Training,Scrum Alliance,Microsoft,Northwest Harvest,KPIT,Seattle Goodwill Industries,Toastmasters International,Certified Scrum Master,Skills for Success,Competent Communicator Award,English,MSDN Magazine,Dale Carneige Training,Scrum Alliance,Microsoft,Northwest Harvest,KPIT,Seattle Goodwill Industries,Toastmasters International,Certified Scrum Master,Skills for Success,Competent Communicator Award,English,MSDN Magazine,University of Washington; Michael G. Foster School of Business,Dale Carneige Training,Big Data
152,Mindanao State University,The Rawlings Group,MIT Professional Education,Colon Cancer Prevention Project,University of Louisville,Stored Value Solutions (SVS),edX,Data Science Dojo,14.310x: Data Analysis for Social Scientists,Data Science: Data to Insights,Data Science and Data Engineering Bootcamp,Java
153,Hortonworks,edX,Data Science Dojo,IBM Canada,edX Verified Certificate for Introduction to Big Data with Apache Spark,edX Honor Code Certificate for Tackling the Challenges of Big Data (May 5; 2015 – June 16; 2015),HDP Certified Developer,English,SQL,Flipp,University of Toronto,Acadia University,Pulse
154,Scaled Agile; Inc.,University of Mainz,DB Cargo AG,Data Science Dojo,Project Management,SAFe Agilist,Deutsch,Big-Data-Strategie für den Schienengüterverkehr,California State Polytechnic University-Pomona,Harvard Business Review,DB Cargo AG,Forbes,Management Consulting,Scaled Agile; Inc.,University of Mainz,DB Cargo AG,Data Science Dojo,Project Management,SAFe Agilist,Deutsch,Big-Data-Strategie für den Schienengüterverkehr
155,EIPM - The European Institute of Purchasing Management,HZ University of Applied Sciences,Pulse,Coursera Course Certificates,Océ - A Canon Company,HZ University of Applied Sciences,Google,Data Science Dojo,Learning How to Learn: Powerful mental tools to help you master tough subjects,Data Science and Data Engineering,Google Analytics IQ,Initial Business-to-Business Sales Encounters: The Impact of the Similarity-Attraction Effect,Omroep Zeeland
156,Microsoft,Agile Methodologies,Microsoft,Agile Methodologies,Microsoft,Pulse
157,Capital One,Pulse,LinkedIn,Pulse,Cognizant,ISTQB - International Software Testing Qualifications Board,Data Science Dojo,ISTQB,Data Science and Data Engineering Bootcamp,Advanced Business Statistics,R
158,Cibit Academy,Pulse,ACA Fashion Software,BDO Nederland,Valid,Data Science Dojo,Certificate of Completion - Data Science and Data Engineering Bootcamp,English,SharePoint
159,University of Toronto,Cisco,King's College School Wimbledon,Data Science Dojo,Cisco,SCCA National Racing License,Marketing Strategy
160,Impinj,Forte Design Systems,University of Washington,Scrum Alliance,Tableau Software,Open Window School,Issaquah Youth Football & Cheer,Mobile Semiconductor,Alaska Airlines,Certified Scrum Master (CSM),Tableau Foundations,Certificate in Cloud Data Management & Analytics,Data Science: Predictive Analytics ? Data Mining ? Data Modeling ? R ? Shiny Apps,Program Management,Impinj,Triad Retail Media,Vology,O'Reilly Media,Gartner,JPMorgan Chase & Co.
161,Buck Institute for Research on Aging,University of Colorado Boulder,Pulse,Dimagi,University of Colorado Denver,University of Colorado Boulder,Data Science Dojo,Data Science and Data Engineering Bootcamp,Data Science and Data Engineering Bootcamp,Spanish,JavaScript
162,ZF Group,Atos,West Telecom Services formerly HyperCube Telecom; LLC.,Hewlett Packard Enterprise,Nanyang Technological University,West Telecom Services formerly HyperCube Telecom; LLC.,Pulse
163,The University of Tokyo,gloops; Inc.,Google,Data Science Dojo,Pulse,Google,English
164,Project Jupyter,Thought Café,Schneider Electric,Pulse,Environment and Climate Change Canada,National Research Council Canada / Conseil national de recherches Canada,Data Science Dojo,Data Science and Data Engineering Bootcamp,Applications of New Toxicological Approaches in Ecological Risk Assessment,GIS
165,Cloudera,Tableau Software,Gartner,Pivotal Cloud Foundry,SAS,McKinsey & Company,University of Washington,Microsoft,Teradata,Machine Learning Certificate (in progress),Project Management Professional (PMP),Spanish,Solution Architecture
166,EQUATE Petrochemical Company ???? ?????? ??????????????,Talabat.com,The World Bank,Pulse,EQUATE Petrochemical Company ???? ?????? ??????????????,Black Belt
167,Groupon,Al Akhawayn University,Duke University,Pulse,Groupon,English,Don't Discount the Data?: How Groupon Merchandises in a Mobile-First World,LinkedIn,Pulse
168,Ural State Technical University,University of Amsterdam Business School,Firmshift,Accenture,Elsevier,University of Amsterdam Business School,Firmshift,Finalist,Certified Scrum Master,Software Development
169,Bain & Company,Columbia University in the City of New York,Pulse,Bain & Company,Analytics
170
171,Kendriya Vidyalaya,Punjabi University,Microsoft,Microsoft,Microsoft
172,Data Science Dojo,Maat GKnowledge,Vrije Universiteit Brussel,Universitat Jaume I,Data Science Dojo,Data Science and Data Engineering Bootcamp,Computer Science
173,5-Day Public Data Science & Data Engineering Bootcamp,Walgreens,Université de Technologie de Troyes,Coursera Course Certificates,PowerReviews,Angel Medical Systems,Walgreens,Getting and Cleaning Data,R Programming,The Data Scientist’s Toolbox,Spanish,Data Analysis
174,King,Fujitsu Global,Oracle,Infinite Computer Solutions,Exerp,Re:West Media House; llc,Data Science Dojo,Oracle Database 11g: SQL Fundamentals I (1Z0-051),Data Science and Data Engineering Bootcamp,Lean Six Sigma Champion,PL/SQL,Simon Business School; University of Rochester,Progress DataDirect,AOL International,LoyaltyOne
175,Mazars Nederland,Celebrate Media,Atos,Pulse,Mazars Nederland,Atos,Salarisprofs,Van der Zwet Accountants en Adviseurs,Manpower,Payroll,Salarisprofs
176,Advantage Solutions: Sales; Marketing; Technology,Hannover Life Reassurance Company of America,Data Science Dojo,University of North Carolina at Charlotte - Belk College of Business,TDWI,DAK Americas,Scrum Alliance,Microsoft,Special Olympics North Carolina,Product Owner,TDWI - BI,MCP - BI,Star Schema
177
178,Regent University School of Law,UC Irvine,Data Science Dojo,IBM,Loyola University Maryland,Regent University,edX,Data Science Dojo,edX Verified Certificate for Entrepreneurship 101: Who is your customer?,Data Science and Data Engineering Bootcamp,edX Verified Certificate for USER INNOVATION: A Path To Entrepreneurship,Massive Online Learning: A Topical Record of the MOOC Pansophy
179
180,Facebook,Expedia; Inc.,University of Puget Sound,Microsoft Office,Microsoft,Seattle Data for Good,Accenture,Microsoft,DataCamp,edX,Introduction to R,edX Certificate for Sabermetrics 101: Introduction to Baseball Analytics,Intro to Statistics with R: Introduction,French; plus some Spanish and Mandarin,Online Help
181,Exsilio Solutions,Pulse,Rouses Markets,Exsilio Solutions,ITT Technical Institute,Nicholls State University,Education Management; Inc. (dba Blue Cliff College),Business Intelligence
182,DataCamp,Zone,Isobar,Intermediate R,Introduction to R,Intro to Statistics with R: Introduction,Data Science Dojo bootcamp,Statistics,DataCamp,Zone,Isobar,Intermediate R,Introduction to R,Intro to Statistics with R: Introduction,Data Science Dojo bootcamp,Statistics,eCommera,Pulse
183
184,TechCrunch,Rutgers University,Time Magazine,Villanova University,Pulse,DataCamp,Community Behavioral Health,Rutgers University,Rider University,Data Science Dojo,Working with the RStudio IDE (Part 1),Cleaning Data in R,Data Science and Data Engineering Bootcamp,Frontline Leadership Development,Teaching
185,T-Mobile,Denali Advanced Integration,City Year,AT-Tech,Denali Advanced Integration,Keywords Studios,Bright Seeds Academy,Jih-Cheng Chang,Microsoft Office,City Year,AT-Tech,Denali Advanced Integration,Keywords Studios,Bright Seeds Academy,Jih-Cheng Chang,Microsoft Office
186,Brigham Young University,1-800 CONTACTS,Pulse,1-800 CONTACTS,ON Semiconductor,Microsoft SQL Server,Business Intelligence
187,University of Southern California,Maulana Azad National Institute of Technology,Microsoft,CSC,Microsoft,Mayo Clinic,University of Southern California,Hindi,Microsoft SQL Server,Bloomberg
188,CollaMeta,Coursera,WiMAX Certified RF Network Designer,Android Top Gun Training Program,Cloud Computing,Santa Clara University,Big Ideas & Innovation
189,UCL,Morgan Stanley,University of Oxford,JPMorgan Chase & Co.,Morgan Stanley,Deliberata,UCL,JPMorgan Chase & Co.,Doorstep Homeless Families Project,Trading Systems,Morgan Stanley,Deliberata,UCL,JPMorgan Chase & Co.,Doorstep Homeless Families Project,Trading Systems
190
191,OMYEN Corp.,Spurwink,Howard Community College,Project Management Institute,Kaiser Associates,Global Youth Coalition on HIV/AIDS,Project Management Professional (PMP),Creativity; Innovation & Entrepreneurship,Business Planning,HighPoint Solutions
192,Barcelona Tech City,Apiumhub,Pulse,Pureplexity,Hello Customer,Data Science Dojo,Windows Azure
193,St. Olaf College,Virtustream,Analytic Recruiting Inc.,American Family Insurance,Oak Ridge National Laboratory,University of Notre Dame,American Family Insurance,Virtustream,English,Hadoop
194,Sound Credit Union,Microsoft,Liberty Mutual Insurance,Data Science Dojo,MCITP: Database Developer 2008,Data Science and Data Engineering,MCITP: Database Administrator 2008,Internals and Performance,SSIS,Pacific Lutheran University,Data Science Dojo,Sound Credit Union,Microsoft,Liberty Mutual Insurance,Data Science Dojo,MCITP: Database Developer 2008,Data Science and Data Engineering,MCITP: Database Administrator 2008,Internals and Performance,SSIS
195,University of Minnesota-Twin Cities,Rochester Institute of Technology,U.S. Bank,Pulse,U.S. Bank,Balboa Capital,Lotus Arts de Vivre,Prolifiq Software,Database Development
196,Juniper Networks,HERE,Network Computing,Cisco,JNCIA-Junos,Juniper Networks Certified Professional; Enterprise Routing & Switching (JNCIP-ENT),CCIE Routing & Switching; #6727,Brandon Carroll,MPLS
197,Boise State University,Scentsy; Inc. (Corporate Office),Data Science & Data Engineering Corporate Training,Scentsy,Health Catalyst,Scentsy; Inc. (Corporate Office),Vacasa,Bodybuilding.com,Data Science Dojo,Data Science and Data Engineering Bootcamp,Performance Management,Data Science Dojo
198
199,Cisco,Harvard Business Review,Apple,Spotify,The Open University,DB Schenker,Coursera Course Certificates,Project Management Institute,DB Schenker,KRALLMANN AG,Data Science Dojo,Project Management Professional (PMP),Data Science and Data Engineering Bootcamp,R Programming,Technology Strategy,Data Science
200
201,PwC Mexico,Universidad de Guadalajara,Pulse,PwC Mexico,Data Science Dojo,Data Science and Data Engineering Bootcamp,Español,Planificación estratégica,PwC Mexico,Data Science Dojo,Data Science and Data Engineering Bootcamp,Español,Planificación estratégica
202,Insight Data Science,National MS Society,Qeepsake,Cinch Financial,MeYou Health,Center for Medical Technology Policy,Data Science Dojo,Monitoring and Evaluation for Humanitarian Programs Certificate,Maximizing Your Leadership Potential Certificate,Effectiveness of an Activity Tracker- and Internet-Based Adaptive Walking Program for Adults: A Randomized Controlled Trial,Insight Data Science,ZDNet,Big Data
203,Navigenics,Applied Biological Materials - abm,BC Cancer Agency,Research,Microsoft Office
204,Portland State University,WIRED,T-Mobile,Puget Sound Energy,University of Washington,Puget Sound Energy,T-Mobile,Integration
205
206,McGill University,University of Melbourne,Bell,Big Data,Provender,Air Liquide Canada,L'Oréal,Budge Studios,Wall Street Prep Financial Modeling Workshop,Data Analysis
207,University of Allahabad,Innovation Intelligence Group,Microsoft,Banking & Finance,WorldWinger Inc.,EC-Council,Microsoft,Alaska Airlines,Cloud Platform University: Practical Data Analytics with the Microsoft Cortana Intelligence Suite,CEH: Certified Ethical Hacking and Countermeasures | IT Security Certification,MS: Design and Implement Cloud Data Platform Solutions,Business Management,BizSpark Featured Starup,Microsoft Cloud Platform
208,WIRED,Forbes,Software Engineering,everis,Generali,Erasmus Student Network,Generali Employee Benefits - GEB,BBVA,Data Science Dojo,R: an environment for statistical modelling and graphics,Data Science and Data Engineering Bootcamp,Oracle 10G,Opportunistic Networks,everis,Generali,Erasmus Student Network,Generali Employee Benefits - GEB,BBVA,Data Science Dojo,R: an environment for statistical modelling and graphics,Data Science and Data Engineering Bootcamp,Oracle 10G,Opportunistic Networks
209,AGBAR,SitMobile,Oracle,Sogeti,The Open Group,Oracle SOA Architect,Oracle WebLogic Server System Administration,Open Group TOGAF Part I,Private Cloud Architecture Workshop,Oracle SOA Suite,Couchbase,JBoss,Intel Corporation,The Open Group,AUDI AG
210,Globo.com,Editora Globo,FocusEconomics,TETO Brasil,UOL,AUNICA,Globo.com,Google,GAIQ - Google Analytics Individual Qualified,GAAC - Google Analytics Authorized Consultant,GAP - Google Advertising Professional,Criação de websites: linguagem XHTML - SENAC,Web Analytics
211
212,Tekes,Aalto University School of Science and Technology,Spinverse,3DBear,Finnish,Physics,Spinverse,Management Events,SnapLogic,Tekniikan akateemiset TEK,Microsoft,Procter & Gamble,Underhood,Business Insider,Elo
213,Rakuten Asia Pte Ltd,Barclays Investment Bank,HOOQ,Randstad Singapore,emporio analytics,Tata Consultancy Services,Coursera Course Certificates,Monetary Authority of Singapore (MAS),Singapore Economic Development Board,The Data Scientist’s Toolbox,Getting and Cleaning Data,R Programming,English,Financial Modeling,Coursera Course Certificates,Monetary Authority of Singapore (MAS),Singapore Economic Development Board,The Data Scientist’s Toolbox,Getting and Cleaning Data,R Programming,English,Financial Modeling
214,Ipsos,IBM,Fidelity Investments,Pricing Analysis,Starbucks,WNS Global Services,Brillio,Accenture,Focus Management Consultants,Pulse
215,University of Rajasthan,Bluetooth SIG,Pulse,Bluetooth SIG,Vertafore,Microsoft,English,Test Automation
216,RBC,University of Waterloo,BMO Financial Group,Pulse,RBC,Punjabi,Data Warehousing
217,University of Waterloo,strategic science,Pulse,strategic science,Social Psychology
218
219,South Seattle College,Seattle Community College District,University of Washington,Data Science Dojo,Pulse,Cenveo,University of Washington; Michael G. Foster School of Business,Data Science Dojo,Data Science and Data Engineering Bootcamp,English
220,University of Washington,Microsoft,Pulse,Microsoft
221,Stanford University,University of Washington,Pulse,Intel Corporation,Microsoft,Computer Networks,XML
222,Credit Suisse,Coursera Course Certificates,UBS,Business Analytics Specialization,The Data Scientist’s Toolbox,R Programming,English,Bloomberg,Time Magazine,The Wall Street Journal,Data Science Dojo,Marketing & Advertising,Data Science Dojo
223,Nexteer Automotive,University of Washington,Big Data,Nexteer Automotive,The Dow Chemical Company,System Analy & Design Conecepts,Data Modeling
224,Organic,Abbott,AbbVie,edX,Cardinal Health,Data Science Dojo,edX Verified Certificate for Knowledge Management and Big Data in Business,Data Science and Data Engineering Bootcamp,vitaly lenchik,Project Management
225,Adobe,University of Washington,Pulse,Adobe,Solid Ground,XML Standards and Tech,Installer engineering
226,Global Sources,Workforce Singapore,Seagate Technology,Accenture,Victoria University,Greenwave Systems Inc,Data Science Dojo,Data Science and Data Engineering Bootcamp,NICF - Data Analytics,Business Intelligence Systems (SAP BI),SAP Business Intelligence,JavaScript,Global Sources,Workforce Singapore,Seagate Technology,Accenture,Victoria University,Greenwave Systems Inc,Data Science Dojo,Data Science and Data Engineering Bootcamp,NICF - Data Analytics,Business Intelligence Systems (SAP BI),SAP Business Intelligence,JavaScript,Randstad Singapore,Great Eastern Life,BlackRock,Singapore Post Ltd,CapitaLand,Technology
227,IBM,Hortonworks,Citrix,English,Apache CloudStack Detail,hopTo,Houzz,Box,MotionElements,Databricks
228,O'Reilly Media,JCPenney,Walmart,Avis Budget Group,Simplilearn,edX,Tata Consultancy Services,Developer Certification For Apache Spark,Big Data and Hadoop Developer,Foundation Certificate in R Programming,English,Data Analysis,JPMorgan Chase & Co.,Target,LinkedIn,Flipkart,Data Science Dojo
229
230,HERE,Twitter,Data Science Dojo,zulily,The Art of Living,Expedia; Inc.,Wipro,Microsoft,edX,Data Science Dojo,edX Honor Code Certificate for Tackling the Challenges of Big Data (February 3; 2015 - March 17; 2015),Microsoft Professional Program Data Science Certificate,Data Science and Data Engineering Bootcamp,Edison Quiñones,Python,Learning Motors,YouTube
231,Capital One,Expedia; Inc.,CVS Health,Capgemini Consulting,National Certification in Financial Markets (Research & Analysis),Financial Modeling,Capital One,Expedia; Inc.,CVS Health,Capgemini Consulting,National Certification in Financial Markets (Research & Analysis),Financial Modeling,American Express,Robert Half Finance & Accounting,GXS,Andhra University,The Topps Company,FreightCar America; Inc.
232,Intel Corporation,Raytheon,English,SAS Programming,Samsung Electronics America,Smith Hanley Associates,University of Tennessee; Knoxville,Roy Talman & Associates; Inc.,MacFarlane Group,Analytic Recruiting Inc.
233,University of Maryland University College,University of Washington,Microsoft,Pulse,Marine Corps Recruiting,Microsoft,Agile Methodologies,Marine Corps Recruiting,Microsoft,Agile Methodologies
234,Bluetooth SIG,China University of Geosciences (Beijing),Staffing Technologies,Pulse,Wicresoft,BeyondSoft Consulting Inc,Bluetooth SIG,Data Science Dojo,Data Science and Data Engineering Bootcamp,Test Design
235,North Carolina State University - College of Management,The Nature Conservancy,North Carolina State University,Pulse,Pacific Northwest National Laboratory - PNNL,Plant Pesticide License,Environmental and physiological factors contributing to outbreaks of Cryptosporidium parvum in Propithecus coquereli (Coquerel’s Sifaka) at the Duke Lemur Center: 1999-2007,Pacific Northwest National Laboratory - PNNL,Plant Pesticide License,Environmental and physiological factors contributing to outbreaks of Cryptosporidium parvum in Propithecus coquereli (Coquerel’s Sifaka) at the Duke Lemur Center: 1999-2007
236,Conestoga-Rovers & Associates (CRA); A GHD Company,Copenhagen Resource Institute,UNOPS,Pulse,Trustpilot,Data Science Dojo,Data Science and Data Engineering Bootcamp,English,Teamwork
237,New Mexico State University,Socality App,Sandia National Laboratories,Data Science Dojo,Pulse,Sandia National Laboratories,Honeywell Technology Solutions; Inc.,Socality App,NUTECH - Visionary Reservoir Intelligence,General Dynamics Mission Systems,Data Science Dojo,Data Science and Data Engineering Bootcamp,Data Science and Machine Learning Bootcamp With R,Systems Engineering
238,HIRECLOUT,Quest Groups LLC,Oracle,Digital Reasoning,Pulse,Dell EMC,Data Science Associate (EMCDSA),English
239,Universitat Jaume I,Universitat Jaume I,Teresa Escrig,A Similarity Calculus for Comparing Qualitative Shape Descriptions
240,Airbus Group,MAPPS,Avanade,Aerials Express,i-cubed; LLC,Program Management
241
242,Whitepages,drugstore.com,Microsoft,Analytics,Data Science & Data Engineering Corporate Training,Expedia; Inc.,Omniture,Webtrends,Data Science Dojo,Forbes,LinkedIn,Pulse
243,Velocity Partners,University of Pune,Velocity Partners,Microsoft,Scrum Master,Microsoft SQL Server
244,Monocept,Business Insider India,Indian School of Business,Data Science Dojo,Big Data,Microsoft,Lee Culver,Test Automation
245,The National Hispanic University,Project Management,Cisco,Apple,Skyline College,De Anza College,College of San Mateo
246,BeachMint,Uber,Uber,Crowdstar,BeachMint,Box,Analytics
247
248,Stetson University,Rede Telecine,Pontifícia Universidade Católica do Rio de Janeiro,SET - Sociedade de Engenharia de Televisao,Globo.com,Data Science Dojo,Harvard Business School,Data Science and Data Engineering Bootcamp,Program for Leadership Development,Leading Product Innovation,English,When TV Dies; Will It Go to the Cloud?
249,trivago,Waldom Electronics,LG Electronics,Kentivo,Data Science Dojo,Universidade do Minho,Data Science and Data Engineering Bootcamp,ARC GIS (Geographical Information System),ATPL (Airline Transport Pilot License at NORTAVIA),Strategic Financial Planning,Alpha Technics; Inc.,Brunel,Raspberry Pi Foundation,GPS Planejamento Financeiro,The Fresh Connection,HP
250,Petrobras,OANDA,AcuityAds Inc.,Orga Systems (Acquired by Redknee),National Bank of Canada,Certified ScrumMaster (CSM),Java,Hortonworks
251,Eindhoven University of Technology,4Synergy,Centric,Pulse,4Synergy,Magion,Scrum.org,Centric,Wellfound BV,Baker Hughes,Data Science Dojo,Competence Factory,Professional Scrum Master I,Data Science and Data Engineering Bootcamp,Interaction Design,Professional Scrum Master,C#
252,Globo.com,Universidade Federal do Rio de Janeiro,Florida International University - College of Business,EDP,Fundação Dom Cabral,Globo.com,Scrum Alliance,Data Science Dojo,Data Science and Data Engineering Bootcamp,CSM Scrum Master,Internet Marketing: Search Engine Optimization,Interaction Design
253,University of Pennsylvania,American Astronomical Society,CERN,NASA Ames Research Center,NASA Jet Propulsion Laboratory,Ubisoft,American Express,San Diego State University-California State University,Pranic Healing Light,Arizona State University,Steve Desch,The Effect of Rayleigh-Taylor Instabilities on the Thickness of Undifferentiated Crust on Kuiper Belt Objects
254,Visaris,Board of European Students of Technology,P3 Group,iMinds,KU Leuven,DataCamp,Shaping the Data Driven Company,Introduction to Machine Learning,Intermediate R,English,Automated Interpretation of Pulmonary Function Tests in Adults with Respiratory Complaints,Kaggle,Board of European Students of Technology,Harvard Business Review,KU Leuven,CareFusion,BEST Belgrade
255,Micron Technology,Project Management Institute,Kepner-Tregoe,KT: Project Management,PMP - Project Management Professional,KT: Problem Solving/Decision Making,KT Project Management,HRIS,Liberty Personnel Services; Inc.,Sift Science,Hays,Micron Technology
256,Chubbies Shorts,Smith Optics,Charles University in Prague,Penn State University,GE Oil & Gas,PwC,GE Transportation,Nike,Data Science Dojo,Data Science and Data Engineering Bootcamp,Public Speaking,Forbes
257,Puget Sound Energy,T-Mobile,Data Analysis,AMEC,University of Washington; Michael G. Foster School of Business,Bonneville Power Administration,University of Washington; Michael G. Foster School of Business
258,HSBC,HSBC Global Banking and Markets,UBS,Forest Pharmaceuticals,Data Science Dojo,Data Science and Data Engineering Bootcamp,Business Analysis,Penton,Tresata,Pulse,Data Science Dojo
259,Brigham Young University,Pulse,Keystone Solutions,Hewlett Packard Enterprise,Tableau Software,Tableau Desktop 9 Qualified Associate,French,Journal of Marketing Analytics
260,Institut für Wirtschaftsinformatik; Universität St. Gallen,sikos-uc OOD,Data Science Dojo,Freie Universität Berlin,Swiss Re,Institut für Wirtschaftsinformatik; Universität St. Gallen,DataCamp,KRALLMANN AG,Intermediate Python for Data Science,Introduction to R,Intro to Python for Data Science,Englisch,Microeconomics
261,Groupon,Everyday Health Inc.,Strategy&; part of the PwC network,The Economist,Taproot Foundation,Data Science Dojo,Data Engineering & Machine Learning Bootcamp,English,Merchandising The Groupon Store,Groupon,Fast Company,New York University - Leonard N. Stern School of Business,Microsoft
262,Bain Digital,AIESEC,The Boston Consulting Group (BCG),Toga MBA Consulting,McKinsey New Ventures (part of McKinsey & Company),Leadership & Management,TechCrunch,Toga MBA Consulting,McKinsey & Company,Sale Stock,Ministry of Education; Singapore (MOE),Bain & Company,AIESEC,English,Photoshop
263,TiE Silicon Valley & TiEcon,Acquemini,Helper.io,Rubrikk Group AS,English,Entrepreneurship,TuneTalk Sdn Bhd,L3
264,Info-Tech Research Group,Freelance,Ryatta Group,Eric Szeto,Ruby,Iguana Books,McMaster University,Stratford Festival,Pulse
265
266,Beyond Analysis,Data Science Dojo,PayPal,Royal Mail,Beyond Analysis,Data Science Dojo,Data Science and Data Engineering,Analytics
267,McCann Canada,Syncapse,WebCanada,Database Design,Interpublic Group (IPG),University of Toronto,Syncapse,McCann Canada,Pulse
268,Financial Accounting Standards Board (FASB),SASB – Sustainability Accounting Standards Board,Korea Educational Broadcasting System,Udacity,SASB – Sustainability Accounting Standards Board,MongoDB,Data Science and Data Engineering Bootcamp,M101P: MongoDB for Developers,Machine Learning Engineer Nanodegree,Korean,Entrepreneurship
269,Xba Group Inc,Avanade,Oracle,Insightformation; Inc.,Magenic,Architecture,University of Minnesota-Twin Cities,Career Solutions Co,Leadership & Management,Avanade,LinkedIn
270,The Johns Hopkins University,Summit Consulting; LLC,Economy,St. Cloud State University,Peace Corps,American Bankers Association,Summit Consulting; LLC,IIF Certificate in Forecasting,Data Analysis
271,Georgia State University - J. Mack Robinson College of Business,Pulse,eVestment,Laffer Associates,Northeastern University,SYMMYS,Predictive Modeling
272,TMP Worldwide,BSH Home Appliances Group,Spectrum Brands; Inc,California Tan,Product Launch,Amazon,Ferguson Enterprises,mophie,Sub-Zero Group; Inc.,Logitech,CNET
273,Washington State University,Microsoft,Pulse,Microsoft,C#,Microsoft,C#
274,APMG International,Scrum.org,The Open Group,ABN AMRO Bank N.V.,Sabbatical / Extended Leave,Prince2 Practitioner,Professional Scrum Master I,Basel III in de praktijk,COBOL,IBM,Open Universiteit,Vrije Universiteit Amsterdam (VU Amsterdam),Sabbatical / Extended Leave,Microsoft,LinkedIn,YouTube,Robert Walters,Pulse
275,Quest Groups LLC,J.P. Morgan,Applied Underwriters,Fremont Group,University of California San Diego,Upwardly Global,Coursera,Cylance Inc.,Bank of the West,Machine Learning,Data Science (Datascience Dojo),The Quantum A-infinity Relations on the Elliptic Curve
276
277,Microsoft,Lynda.com,Communication Fundamentals,Communicating with Confidence,English,Software Development,Lynda.com,Microsoft,Communicating with Confidence,Communication Fundamentals,English,Software Development,Brigham Young University,Wuhan University,Microsoft
278,USCHO,HockeyTech,British Columbia Hockey League,The Hockey News,Sports Management Worldwide
279,Canonical Ltd.,Bayer,Data Science Dojo,Prosumia,Reprogenetics,University of Buenos Aires,Digital House - Coding School,Centro de Estudios en Ginecología y Reproducción (CEGYR),Globant,Cristian Alvarez Sedó,Autor,Reprogenetics,University of Buenos Aires,Digital House - Coding School,Centro de Estudios en Ginecología y Reproducción (CEGYR),Globant,Cristian Alvarez Sedó,Autor,Serious Funding,InnVentis Ltd.,Illumina
280,The Data Incubator,Microsoft,Unisys,Unisys India,PeopleFluent,Data Science Dojo,Data Science Boot Camp,Microsoft Certified Application Developer,Microsoft Certified Technology Specialist,Agile Methodologies
281,Meredith Corporation,TeleCommunication Systems; Inc.,SQL,Meredith Corporation,TeleCommunication Systems; Inc.,SQL
282,DADO Labs,University of Puget Sound,Portland Workforce Alliance,Coursera Course Certificates,DADO Labs,Executive Data Science Specialization,English,Management,LinkedIn,Pulse
283,The University of Texas at Austin,Wizards of the Coast,Bill & Melinda Gates Foundation,Fundacion Pro Vivienda Social,Microsoft,Fundacion Pro Vivienda Social,110 Consulting,Microsoft,Data Science Dojo,Apptio,Data Science and Data Engineering Bootcamp,Thomas M Fullerton Jr,Error Correction Exchange Rate Modeling: Evidence for Mexico
284,Gulf Monetary Council ?????? ?????? ???????,Mobily,Le Site,Wipro,Thinking Capital,ThruPoint,Huawei Technologies,Information Technology Industry Development Agency; ITIDA,Arab Academy for Science; Technology and Maritime Transport,Oracle,Unilytics - Business Intelligence & Analytics,Oracle OCP,English,Partitioning Large Database Using Irrelevant Attributes for Knowledge Discovery and Learning,LinkedIn,Pulse
285,Cloudera,MTN Sudan,Zain Sudan,Amazon Web Services,Huawei Technologies,Data Science Dojo,AWS Certified Solutions Architect,CCA Spark and Hadoop Developer,OCP Database,Databases,Zain Sudan,Thomas M Consultancy Ltd (Global Career Solutions),GotoGulf.com,MTN Sudan
286,Sharif University of Technology,Coursera Course Certificates,Oxy,California Resources Corporation,Data Science Dojo,Data Science and Data Engineering Bootcamp,Machine Learning (Stanford University),Theory of Gas Injection Processes,Three-dimensional Coarse-scale Simulation Of Enhanced Oil Recovery Processes In Highly Heterogeneous Reservoirs
287,Facebook,Information Architects GmbH,Pontifícia Universidade Católica do Rio de Janeiro,Professional Women,AG2,Globo.com,Data Science Dojo,Data Science and Data Engineering Bootcamp,Data Science and Data Engineering Bootcamp,Rafael Floriano,User Experience
288,Brescia University College,Lingo4Kids.com,Team Leadership,Women of Influence Inc.,EDGE4,Ontario Government,The Canadian Medical Hall of Fame,Thames Valley District School Board,Pulse
289,DAMVAD Analytics,Septima,Segment.com,Visiopharm,Silk,Coursera Course Certificates,Trustpilot,SAS,The Data Scientist’s Toolbox by Johns Hopkins University on Coursera (Data Science Specialization),R Programming by Johns Hopkins University on Coursera (Data Science Specialization),SAS Certified Base Programmer for SAS9,Applied Statistics,LinkedIn,Pulse
290,Navantis,Kellogg Company,Objectifi Inc,ABS Systems Ltd.,Black & McDonald Limited,Canadian Tire Corporation,Serco - a world of experience,Procter & Gamble,Six Sigma - Green Belt,Business Process Improvement
291,Workday,SugarCRM,Core Elastic Search,Subversion,TechCrunch,YotaScale,Adobe,YotaScale
292,Cleveland Clinic,Pulse,IBM,Emaar,Global Information Technology,Creo Technologies,Oracle,Cleveland Clinic Abu Dhabi,Cognos Metadata Modeling,Oracle Forms & Reports (Dev Track) Full,Oracle 10g DBA Track Full,Urdu,Infor Landmark,LinkedIn,Cleveland Clinic Abu Dhabi,Pulse
293,Karachi University,Marketing & Advertising
294,National University of Sciences and Technology (NUST),FAST-NUCES,Red Hat,Texas A&M University,Redhat Certified System Administrator,Pattern Recognition and Analysis,Project Management
295,AIG,MetLife,SAS,American Funds,MassMutual Financial Group,New York Life Insurance Company,MetLife,Lord; Abbett & Co. LLC,Coach,MassMutual Financial Group,Analysis
296,Smith Hanley Associates,Amazon,Coursera,Data Science Dojo,Institute for Health Metrics and Evaluation,Coursera Course Certificates,Liberty Mutual Insurance,Zillow,T-Mobile,The Data Scientist’s Toolbox,R Programming,Getting and Cleaning Data,English,Research
297,University of Toronto - University of Trinity College,Barrick Gold Corporation,Newmont Mining Corporation,Kinross Gold Corporation,Informatica,University of Toronto,Kinross Gold Corporation,P.Geo,Multi element geochemical modelling for mine planning: Case study from an epithermal gold deposit
298,Intermountain Healthcare,Utah Department of Workforce Services,English,R,University of Utah,Intermountain Healthcare,The Economist,Intermountain Healthcare,Utah Department of Workforce Services,English,R
299,Syntel,CUNA Mutual Group,Allstate Financial Services; LLC,Bharathidasan University,Syntel,CUNA Mutual Group,Allstate Financial Services; LLC,The Open Group,Data Science Dojo,TOGAF 9 Certified,TOGAF 9 Foundation,Data Science and Data Engineering Bootcamp,SyntelInc,SDLC
300,LeanIn.Org,Brown University,Data Science Dojo,Pulse,X-akseli Oy,Data Science Dojo,English
301,Claims Conference,Arizona State University West,ProFound Staffing; Inc.,AtSite; Inc.,Mu Sigma Inc.,Bosch USA,Arizona State University,Ashok Leyland,Design of Experiments,R
302,GitHub,Ooyala,Rubicon Project,Verizon Digital Media Services,InterContinental Hotels Group (IHG®),Sociomantic Labs,DataXu,Brightcove,JavaScript,Verizon Digital Media Services,InterContinental Hotels Group (IHG®),Sociomantic Labs,DataXu,Brightcove,JavaScript
303,Microsoft,Yifat Orlin,Software Design,Amazon Video Direct,Technion - Israel Institute of Technology,Pulse
304,Globo.com,bruno goyanna paulo lima,Product Development
305,Empiric,GIC,National University of Singapore,Nanyang Technological University,Coursera Course Certificates,GIC,Centre for Strategic Infocomm Technologies (CSIT),Machine Learning: Regression,Machine Learning Foundations: A Case Study Approach,English,Equities
306
307,Microsoft,Distributed Systems,Rutgers University,Microsoft,Oregon State University,Pulse
308,Lyrebird Analytics AB,Nexidia,Vrije Universiteit Amsterdam (VU Amsterdam),University of Gothenburg,Accenture the Netherlands,Chalmers University of Technology,University of Gothenburg,Accenture,Data Science Dojo,Data Science and Data Engineering Bootcamp,Swedish,R
309,HTC Data Management and Analytics,CareTech Solutions,HTC Global Services,Edureka,Patni Computer Systems,Data Science Dojo,Data Science and Data Engineering Bootcamp,Python Developer,Big Data And Hadoop Developer,SDLC
310,Dell,Aurionpro,Microsoft,PwC,TechValens,World Vision,Microsoft Azure Specialist,CITA-F - Certified IT Architect Foundation,Machine Learning (Coursera),Seattle Code Camp 2015 Speaker,Birla Institute of Technology and Science; Pilani
311,Insight Data Science,SalesforceIQ,Stanford University,Spanish,\,Insight Data Science,School of Data Science & Engineering ,SalesforceIQ,Stanford University,Big Data
312,Bluetooth SIG,Ferris State University,Motiv Inc.,Microsoft,Data Science Dojo,Bluetooth SIG,Microsoft,Data Science Dojo,Data Science and Data Engineering Bootcamp,Introduction to C++ UW extension,C#
313,AXIS Capital,Microsoft,DataCamp,Pfizer,The Kansas City Southern Railway Company,Intermediate R,Introduction to R,Introduction to R (edX 1.1),Implementing Business Intelligence Solution Architecture,Microsoft SQL Server,Gartner,Seagull Scientific,Google Analytics Solutions,Leadership & Management
314,Chosun University
315
316,KCG Holdings; Inc.,LENDSUM,Recruiting & Hiring,Logitravel,Coursera Course Certificates,IFISC Institute for Cross-Disciplinary Physics and Complex Systems (CSIC-UIB),Universitat de Barcelona,BBVA Data & Analytics,CLC Diseño y Desarrollo Logístico,Northeastern University,Data Science Dojo,Probabilistic Graphical Models 1: Representation,Deep Learning from Scratch,Data Science and Data Engineering Bootcamp,Spanish,Systemic delay propagation in the US airport network
317,Comcast,SEVEN Networks,Synchronoss Technologies,FusionOne,Machine Learning,Datascience Dojo Fellow,Beginners guide to learn Data Science,The Washington Post,iAngels,X; the moonshot factory,Techstars
318,Intel Corporation,Enterprise Architecture
319,Coursera Course Certificates,Microsoft,Machine Learning - Stanford University; Andrew Ng,Gina Venolia,Business Context Sniffer,TEDxSeattle,Technology,LinkedIn,Microsoft,DataScience; Inc.,O'Reilly Media,Pulse
320,Knowledge Transfer Network (KTN),Higher Education Academy,Big Data,Develin Consulting,Affinity Sutton,The Whiteley Homes Trust,Network Housing Group,DataScienceDojo London,Data analytics skills: a view from the classroom,Develin Consulting,Affinity Sutton,The Whiteley Homes Trust,Network Housing Group,DataScienceDojo London,Data analytics skills: a view from the classroom
321,LinkedIn,Amazon,Microsoft,Brand Building Basics,Agile Project Management,LinkedIn,Business Insider,Pulse
322,Publix Super Markets,University of South Florida,Pulse,Publix Super Markets,Customer Service,Microsoft Excel
323,KU Leuven,Diploid,English,Cocoa (touch) programming,CD Genomics,KU Leuven,GATC Biotech,Complete Genomics Inc.
324,OLG,University of Toronto,Gaming Intelligence,Responsible Gambling Council,The Alcohol and Gaming Commission of Ontario,Pulse,OLG,Policy
325,Leonardo,Coursera Course Certificates,edX,Statoil,Data Science Dojo,edX Honor Code Certificate for \,Data Science and Data Engineering Bootcamp,\,\,Software Development,Data Science Dojo,Forbes,ThoughtWorks,Profitbase AS,Think with Google,Insights & Data,Business Insider
326,Shell,OXYLO B.V.,LinkedIn,Pulse,Royal Dutch Actuarial Association,Sanquin,WFTNIVO,Eurolatina,OXYLO,Aegon,Data Science Dojo,Data Science and Data Engineering Bootcamp,WFT certifications,Certified Actuary,Complete Python Bootcamp,Be prepared for the perfect storm! (in Dutch)
327,Coursera Course Certificates,Coursera Course Certificates,Symag by BNP Paribas PF,Microsoft,Udacity,Motorola Solutions,Machine Learning,Introduction to Artificial Intelligence,Artificial Intelligence (cs373) Programming A Robotic Car,English,Java
328,Coursera Course Certificates,Microsoft,Executive Data Science Specialization,C#,Microsoft,Pulse
329,Cascadia Community College,Aditi Technologies,Microsoft,Agile Methodologies,Cascadia Community College,Aditi Technologies,Microsoft,Agile Methodologies,PSG College of Technology,Microsoft,Pulse
330,Visa,Oracle,Microsoft,Infosys,DataCamp,University of Houston-Clear Lake,Epsilon,Program with PL/SQL,Developing ASP.NET 4 MVC Web Applications,Introduction to R,Fund. of Database Design & Development,SQL,Visa,Credit Suisse,Gracie Asset Management,Google,Amazon,University of Houston-Clear Lake,Pulse
331,University of Cincinnati,Egencia; an Expedia company,Expedia; Inc.,Infosys,Siebel CRM Business Analyst 8.0,R,Ninah Consulting,Fractal Analytics,Cornerstone Research,Xoom; A PayPal Service,Equifax,ThinkVine (acquired by Ignite Technologies in October 2016)
332,Citi,The Economist,UBS,OppenheimerFunds,Genpact Headstrong Capital Markets,Geometric Ltd.,Data Science/Machine Learning,Leadership
333,Lorev Impianti,Kaggle,University of Mumbai,Data Science Dojo,Pulse,DataCamp,GE Commercial Finance,Capita,Tata Consultancy Services,Data Science Dojo,Kaggle R Tutorial on Machine Learning,Data Science and Data Engineering Bootcamp,English,Software Project Management
334,Wipro,Microsoft,Program Management,Wipro,Microsoft,Program Management,Intel Security,CA Technologies
335
336,Moody's Analytics Knowledge Services,PricewaterhouseCoopers,Moody's Analytics Knowledge Services,University of Oxford,The London School of Economics and Political Science (LSE),Data Science Dojo,Pulse
337,Kendriya Vidyalaya,Delhi University,Microsoft,Pulse,NIIT Technologies Limited,Microsoft,Microsoft SQL Server,NIIT Technologies Limited,Microsoft,Microsoft SQL Server
338,Whitman College,REI,Pulse,ABC Television,ESPN,NBCUniversal Media; LLC,REI,Data Science Dojo,Data Science and Data Engineering Bootcamp,Data Science and Data Engineering Bootcamp,Women Who Code,New Media
339,Pontifícia Universidade Católica do Rio de Janeiro,Globo.com,Data Science Dojo,Data Science and Data Engineering,English,Agile Project Management,OLX Brasil,Asap Middle Management Executive Search,Perform Group,The New York Times,Apple,Saffron Technology; an Intel company,Michael Page
340,PayPal,Populus Group; LLC,IRCA Global,Cognizant,The Salvation Army,Data Science Dojo,Data Science and Data Engineering Bootcamp,ISO 27001 Lead Auditor,English,Vulnerability Assessment,Adobe
341,Bridgestone de Costa Rica,Bridgestone,Delek US Holdings; Inc.,Bandag,English,SAP ERP,Hasso Plattner Institute,Capgemini,Forbes,Data Science Dojo,Pulse,LinkedIn,Pulse
342,Karnatak University,Comcast Cable,Leidos,Accenture,ExitCertified,ViON Corporation,Sprint,Comcast Cable,Accenture,Data Science Dojo,Data Science and Data Engineering Bootcamp,Cloudera Hadoop Developers Training,Cloudera Hadoop Admin Training,Wireless
343,Cloud Assert,New York Institute of Technology,Pulse
344,CA Technologies,Platinum Technology,Microsoft,Agile Methodologies,WIRED,Bharathiar University,Forbes,Microsoft
345,Wekke/BBM Schoonmaakdiensten,Fokker Elmo B.V.,HZ University of Applied Sciences,edX,Bedrijvencentrum De Punt | Bergen op Zoom,Scalda,Data Science Dojo,Certificate of Completion - Data Science and Data Engineering Bootcamp,edX Verified Certificate for The Analytics Edge,Dutch,Management,Fontys Hogescholen,Ve Interactive Benelux B.V.,Fokker Elmo B.V.,Lamb Weston / Meijer,TIAS School for Business and Society
346,Amazon Web Services,National University of Computer and Emerging Sciences,Fuchsia Inc.,Pulse,Fuchsia Inc.,Amazon Web Services,Microsoft,C#
347,Berico Technologies,National Association of Veteran-Serving Organizations (NAVSO),TASC; an Engility Company,Data Science Dojo,Data Science and Data Engineering Bootcamp,Databases,Berico Technologies,George Mason University,National Association of Veteran-Serving Organizations (NAVSO),Pulse
348,Globo.com,FGV - Fundação Getulio Vargas,Pulse,Globo.com,Oi S.A,Data Science Dojo,Data Science and Data Engineering Bootcamp,Português,Comunidades de Marca de Sports Fantasy Games: Identificação; engajamento; intenção de  continuidade e valor da marca
349,Landmark,Citi,Change Healthcare,Oracle,English,Data Science,Oracle,Jawaharlal Nehru Technological University,Marketing & Advertising
350,Williams College,BSQUARE,Allrecipes.com,JPMorgan Chase & Co.,BSQUARE,Allrecipes.com,JavaScript
351,Amazon Lab126,Seattle University,Pulse,Microsoft,Lever Systems,Seattle University,Mnemonic Technologies; LLC,Machine Learning (Stanford Center for Professional Development),Traffic Grooming in SONET/SDH Rings (Book Chapter)
352,Technology Salon,Oxfam America,Pacific Community Ventures,Women's Funding Network,California College of the Arts,St. Mary's College of Maryland,Institute of International Education,IES Abroad,Equal Access,Ministerio de Educación,Room to Read,English,New Media in Burkina Faso; Chad and Niger
353,University of Technology Sydney,IDG (International Data Group),Pulse,Faircount Media Group,IDG (International Data Group),Editing
354,Genworth,Pulse,Genworth,Data Science Dojo,Data Science and Data Engineering,SDLC
355,DataCamp,Nortel Networks,Brocade,NetApp,Data Science Dojo,Certificate in Global Program,Certificate of Completion; Data Science Dojo,English,Technical Support,Nimbus Data,Nimble Storage,Arista Networks
356,Bowdoin College,Allrecipes.com,German,Digital Media,First Round Capital,Getty Images,Catalysis
357,Convercio Inc,edX,Microsoft,edX Verified Certificate for Data Science Orientation,edX Verified Certificate for Querying with Transact-SQL,edX Verified Certificate for Analyzing and Visualizing Data with Excel,English,Go-to-market Strategy,Convercio Inc,edX,Microsoft,edX Verified Certificate for Data Science Orientation,edX Verified Certificate for Querying with Transact-SQL,edX Verified Certificate for Analyzing and Visualizing Data with Excel,English,Go-to-market Strategy,Garmin International,TokuSaku (TS) Solutions,Forbes,Convercio Inc,Pulse
358,Pfizer,Harvard Business Review,USA TODAY,Mashable,Fujitsu Global,IBM,Fujitsu Global,Data Science Dojo,MoreSteam.com LLC,Data Science and Data Engineering Bootcamp,IBM Lean Six Sigma Black Belt - Engine Room,IBM Certified Specialist - SPSS Modeler Professional v2,IBM Lean Six Sigma Black Belt,Data Engineering
359,ATB Financial,Global Association of Risk Professionals (GARP),University of Alberta,Canadian Western Bank,SAS Certified Advanced Programmer,Statistical Inference,Simulations,Harvard Business Review
360,Whitepages,Galvanize - San Francisco; SoMa,Cardno ENTRIX,Coursera,Galvanize Inc,Pacific Northwest National Laboratory - PNNL,Target MarkeTeam,Duke University,R Programming,Exploratory Data Analysis,Statistical Inference,ORS Impact,Selected Scientific Publications
361,Devjobsindo ORG,Data Science & Data Engineering Corporate Training,Open Information Systems Security Group,VMware,Pulse,Deutsche Gesellschaft für Internationale Zusammenarbeit (GIZ) GmbH,Mercy Corps,LEUSER INTERNATIONAL FOUNDATION,Data Science Dojo,Data Science and Data Engineering Bootcamp,English,International Development
362,RStudio; Inc.,Coursera Course Certificates,Estonian Tax and Customs Board,Big Data,Coursera Course Certificates,Estonian Tax and Customs Board,The Open Group,Data Science Specialization,TOGAF 9 Foundation level,Introduction to Mathematical Thinking,Maksudeklaratsioonide tähtaegse esitamise kohustuse täitmise mõjutamine MTA näitel
363,The Society of Pension Professionals,Willis Towers Watson,The Society of Pension Professionals,Russell Investments,Willis Towers Watson,Associate of the CFA Society of the UK,How Much Value Should You Expect to Gain or Lose by Replacing Your Investment Manager?
364,Diana Software Solutions,Euromarina,SRG Global,General de Software de Canarias; S.A.U.,Data Science Dojo,Data Science and Data Engineering Bootcamp,MRC International Training – Habilidades Gerenciales,SharePoint,Epicor.es,Kaggle,CommunityManager.es,Datawatch Corporation,Business Insider,Koch Business Solutions (KBS),Koch Industries,Pulse
365,Collabera,Microsoft,English,.NET,Collabera,Microsoft,English,.NET,Get a Real Degree,Prime Team Partners,LinkedIn,Microsoft,Inc. Magazine
366,Novosibirsk State University (NSU),Microsoft,Pulse,Microsoft,C#
367,SBTI,Georgia Tech Research Institute,Coursera,Exide Technologies,Lean Six Sigma Green Belt,Associate Value Specialist,Process Engineering,Georgia Institute of Technology,Big Data
368,Seattle Pacific University - School of Business and Economics,Directions on Microsoft,Pulse,Seattle Pacific University,Microsoft,French - limited,Unified Communications as an Enabler of Workplace Redesign
369,Fox News,Forbes,VMware,Sumo Logic,Cloudflare; Inc.,LinkedIn,Salesforce.com Certified Administrator (First 500 Certified),SaaS,Innovation Enterprise,Etsy,Oportun
370,SpaceX,Micron Technology,Université de Poitiers,Pulse,Kent State University,Apple,McGill University,G. Agez,Cholesteric liquid crystal gels with a graded mechanical stress
371,Anna University,University of Washington,Microsoft,Prolifiq Software,National Stock Exchange of India Limited,BitYota Inc,Informatica,Onvia,iLink Systems,Data Science Dojo,Prolifiq Software,Data Science and Data Engineering,NSE's Certification in Financial Markets,Certified Informatica Designer,Solution Delivery
372,Quark Media House,Steel Authority of India Limited,Microsoft,Data Warehousing,Quark Media House,Steel Authority of India Limited,Microsoft,Data Warehousing,Salesforce,Oracle,Zynga,Maulana Azad National Institute of Technology
373,PTCL.Official,Zong CMPak Ltd,Seabury Group,Analytic Recruiting Inc.,Telenor,Ufone,Value Based Time Dimensioned Churn Prediction
374,Scrum Alliance,Microsoft,Trimax Americas,Tech Mahindra (formerly Mahindra Satyam),edX,Toastmasters International,EXIN your ICT competence partner,ITIL V3 Foundation,Certified Scrum Master,edX Verified Certificate for Analyzing and Visualizing Data with Power BI,Hindi,Release Management,Data Science Central,52 Limited,Alteryx
375,Microsoft Envision,Microsoft Advanced Analytics,Accenture,Pulse,Accenture,Microsoft,Data Science Dojo,Data Science and Data Engineering Bootcamp,Microsoft Certified Professional,Hindi,Program Management
376,SAMHI,North Orissa University,Scrum Alliance,Microsoft,Data Science Dojo,Data Science and Data Engineering Bootcamp,MCTS: SQL Server 2008; Implementation and Maintenance,Certified ScrumMaster,English,T-SQL,Scrum Alliance,Microsoft,Data Science Dojo,Data Science and Data Engineering Bootcamp,MCTS: SQL Server 2008; Implementation and Maintenance,Certified ScrumMaster,English,T-SQL
377,International School Almere,Utrecht University,Pulse,International School Almere,Data Science Dojo,Certificate of Completion - Data Science and Data Engineering Bootcamp,Engels,Teaching English as a Second Language
378,JPMorgan Chase & Co.,The Ocean Partnership,NCS Group,Jawaharlal Nehru Technological University,Flow Traders,Pulse,JPMorgan Chase & Co.,Barclays Investment Bank,Data Science Dojo,Data Science and Data Engineering 
379,Tech Mahindra,TripFlick,getstarted.guru,Solution Architecture,Tech Mahindra,TripFlick,getstarted.guru,Solution Architecture,CNET,GetStarted
380,Insight Data Science,LinkedIn,Facebook,PayPal,Discover Financial Services,Business Analysis,LinkedIn,Pulse
381,Univar,PSG College of Technology,Pulse,Cognizant,Univar,SumTotal Systems; LLC,Techgene Solutions,Visual C++
382,TrueBlue Inc.,kgb,Ideel Inc,Stella & Dot Family of Brands,Data Science Dojo,Data Science and Data Engineering Bootcamp,Business Intelligence,LinkedIn,Tailored Brands; Inc.,Guitar Center,Recode,Forbes,Qlik
383,Palantir Technologies,Indian Institute of Technology; Bombay,VERISIGN,SemanticBits,VERISIGN,Data Science Dojo,Software Security Foundations,Sridhar Thumma,Ansible
384,Nixon Peabody LLP,Xerox,JDRF International,Penfield Little League,Concur,Data Science Dojo,Harris Beach PLLC,Legal Project Management,Train the Trainer,Business Intelligence,Smith Hanley Associates,Exelis Visual Information Solutions,Alteryx,Bluelock,Glassdoor,Apptio,Concur,Harris Beach PLLC
385
386,DGI Geoscience Inc,University of Toronto Schools,Itasca-IMaGE,University of New Brunswick,University of Toronto,Udemy,KORE Geosystems,Mine Design Technologies,Itasca-IMaGE,Data Science Dojo,JavaScript: Understanding the Weird Parts,3D Programming with WebGL and Babylon.js for Beginners,Data Science and Data Engineering Bootcamp,English,Google Scholar,Goldcorp,KORE Geosystems,Integra Gold Corp.,Prospectors & Developers Association of Canada (PDAC)
387,Harvard Business Review,Boeing,Technology,DevOps Institute,Boeing,Data Science Dojo,Data Science and Data Engineering,DevOps,Driving Business Value with Design Thinking,English,C#
388,ACCIONA,Pulse,ACCIONA,ACCIONA
389,Two Sigma,Airswift,Ruths.ai,Paradigm Energy Partners; LLC,Ferrari,Wood Mackenzie,Coursera Course Certificates,Mercedes-Benz Grand Prix Limited,National Oilwell Varco,Reproducible Research,Exploratory Data Analysis,Developing Data Products,Data Analysis
390,The Nature Conservancy,University of North Carolina at Chapel Hill,Pulse,Columbia University in the City of New York,The University of Edinburgh,American Museum of Natural History,Japanese (novice),Ecology
391,One Market Capital; LP,Greenwich University,AKN Messaging Technologies (Pvt.) Ltd,Data Science Dojo,Pulse,AKN Messaging Technologies (Pvt.) Ltd,Data Science Dojo,Data Science and Data Engineering Bootcamp,Mobile Devices
392,Coursera Course Certificates,Microsoft,Data Science Dojo,Data Science and Data Engineering Bootcamp,The Data Scientist’s Toolbox,Russian,Integration,Caradigm,Pulse
393,Helene Fuld College of Nursing,Columbia University - Columbia Business School,Data Science Dojo,IBM,Coursera Course Certificates,Macmillan ESG,The College Board,Wimba,Statistical Inference,Regression Models,Practical Machine Learning,Start-ups
394,Uber,Intuit,Coursera,Solidarity in Action Inc.,TED Conferences,Wisewords,Advanced Competitive Strategy,Analyzing Global Trends for Business and Society,English,Business Development,Mithril Capital Management LLC,Carbon Talks,University of Waterloo,Ten Thousand Coffees
395
396,Aditi Technologies,Microsoft,Data Science Dojo,Data Science and Data Engineering Bootcamp,Software Project Management,Room to Read,National Association of Professional Women (NAPW),Juno Therapeutics; Inc.,Data Science Dojo
397
398,FS Investments,LEAF Commercial Capital; Inc.,Data Science Dojo,Pulse,T3 Trading Group; LLC,Philabundance,Deloitte,FS Investments,Global Investment House,LEAF Commercial Capital; Inc.,Data Science Dojo,Data Science Dojo Bootcamp ,Bengali,Tableau
399,ChipCare Corporation,Data Science Dojo,Data Science and Data Engineering Bootcamp,English,Python,ChipCare Corporation,Informatica
400,Railinc Corp.,Twitter,Microsoft,Railinc Corp.,Microsoft,edX,Software as a Service,Data Mining,Anomaly Detection in Graph Based Data,Railinc Corp.,Microsoft,edX,Software as a Service,Data Mining,Anomaly Detection in Graph Based Data,LinkedIn,Pulse
401,HP,University of Madras,Microsoft,Hewlett Packard Enterprise,Pulse,Hewlett Packard Enterprise,RMP Infotech,Microsoft,English,DevOps,Hewlett Packard Enterprise,RMP Infotech,Microsoft,English,DevOps
402,Quora,Annadale Technologies Ltd,University College Cork,Zalando SE,University College Cork,Annadale Technologies Ltd,Data Science Dojo,Data Science and Data Engineering Bootcamp,Problem Solving,Zalando SE,Zalando Media Solutions I nugg.ad
403,University of Bath,Big Data,Scaled Agile; Inc.,Microsoft,Deloitte,Scaled Agile Framework Program Consultant (SPC),Certified SCRUM Master,IT Strategy
404,Google,Leadership & Management,Code.org,Microsoft,English,Big Data Analytics
405,Infosys,Acharya Nagarjuna University,Infosys,Capgemini,English,Agile Methodologies
406,NoRedInk,Data Science Dojo,Pulse,Kissmetrics,NoRedInk,Dev Bootcamp,Oracle,Oracle Database 11g: SQL Fundamentals I,CSS
407,Codit,TIBCO Software Inc.,Pulse,Codit,CSC,Patni Computer Systems,Enterprise Application Integration
408,maurices,Animal Allies Humane Society,Bluestem Brands; Inc.,SUPERVALU,The Schwan Food Company,REI,English,Analytics,Bluestem Brands; Inc.,Amazon,3M,Moosejaw Mountaineering,Target,Pulse
409,Regent University,Virginia Wesleyan College,Pulse,Regent University,Public Speaking
410,NuVasive,Twilio Inc.,Xorcom,The Marine Mammal Center,Guitar Center,Cost Plus World Market,Amazon Web Services,Data Science Dojo,Data Science and Data Engineering Bootcamp,AWS Certified Solutions Architect - Associate,English,Cloud Computing
411,Infosys,UnitedHealth Group,Data Science Dojo,Data Science and Data Engineering Bootcamp,Struts,UnitedHealth Group,The Wall Street Journal,SAP,Technology,TechCrunch,InterNational Committee for Information Technology Standards (INCITS),LinkedIn,Pulse
412,eBay,Breakthrough Silicon Valley,Human Capital Institute (HCI),Intuitive Surgical,Hexaware Technologies,BearingPoint,Amazon,Strategic Workforce Planning Certified(SWP),Strategic HR Business Partner,Data Analysis,LinkedIn,The Wall Street Journal
413,Bangalore University,Microsoft,Pulse,Jass & Associates,MetrixLab (formerly MarketTools Research Solutions Inc),Microsoft,Oracle,Jass & Associates,MetrixLab (formerly MarketTools Research Solutions Inc),Microsoft,Oracle
414,Cat Daddy Games,Food Lifeline,Bluetooth SIG,Microsoft,OSCP - Offensive Security Certified Professional,Bluetooth Interoperability Testing via Physical Device Imaging,Cover6 Solutions; LLC,Bluetooth SIG,Georgia Institute of Technology,Pulse,Cat Daddy Games,Food Lifeline,Bluetooth SIG,Microsoft,OSCP - Offensive Security Certified Professional,Bluetooth Interoperability Testing via Physical Device Imaging
415,CIBC,Greenlight Consulting,Ryerson University,Big Data,Sears Canada,Canadian Tire Corporation,CIBC,Holt Renfrew,Business Analysis
416,Sense Recruitment,Indian Institute of Management; Calcutta,Swrve,Galaxy Infotech Australia,iugo talent,Pulse,Coursera Course Certificates,Chevron,Velrada,BHP Billiton,Hadoop Platform and Application Framework (University of California; San Diego),Introduction to Big Data (University of California; San Diego),Machine Learning  (Stanford University),English,Consulting
417,Capgemini,National Institute of Technology Durgapur,Marketing & Advertising,Accenture,Microsoft,Account Management
418,Central Christian College of Kansas,Johnson County Community College,Higher Education,Johnson County Community College,Kansas State University,Technology
419,Oersted Electronics,Philips,Oersted Computers,Management
420,Nokia,Hotwire,ISM Technology Recruitment Ltd.,Technology,LinkedIn,Pulse,Health Shared Services BC,Project Management Institute,HERE,Landmark,BCIT Student Association,Hostelling International - Canada,Data Science Dojo,Certified Associate in Project Management (CAPM),Data Science and Data Engineering Bootcamp,Selp-Expression and Leadership Program,Small Business Developement,Metric Insight
421,APICS,Microsoft,CSCP (APICS certified Supply Chain Professional),English,Business Process,MIT Center for Transportation & Logistics,Microsoft,Georgia Institute of Technology,Syracuse University,Pulse
422,Ngee Ann Polytechnic,ST Electronics,Pulse,ST Electronics,Certified Secure Programmer (ECSP v2),3D visualization
423,Rutgers University,Microsoft,Pulse,Coursera,Microsoft,Machine Learning,Cloud Computing
424,PwC,Forbes,Business Travel,LinkedIn,Pulse,Antenna,Coursera Course Certificates,Accenture,The Data Scientist’s Toolbox,Exploratory Data Analysis,R Programming,Introduction to Recommender Systems,Data Warehousing
425,KPMG Data & Analytics,ZHAW School of Engineering,Euler Hermes,AXA,BANTLEON AG,Credit Suisse,KPMG Switzerland,UBS,Euler Hermes,Vontobel,Deutsch,Microsoft Excel
426,KnowledgeLake,Emerson,Digital H2O,Green Business,Asian Paints,Nalco Water; An Ecolab Company,Nalco Champion; An Ecolab Company,Microsoft,Exam 475: Designing and Implementing Big Data Analytics Solutions,Process Engineering,LinkedIn,Pulse
427,McKinsey & Company,BDC,Bill & Melinda Gates Foundation,FIND,Massachusetts Institute of Technology,Enablis Entrepreneurial Network,Data Science Dojo,Big Data & Social Analytics,Data Science and Data Engineering Bootcamp,French,Won over by the sense of community,United Nations Population Fund (UNFPA),BDC,McKinsey & Company,Best Advice,Hubba,McKesson Canada
428,We Are Social,ESADE Alumni,Twitter,Epsilon Technologies,Data Science and Engineering Bootcamp,Market Research,We Are Social,ESADE Alumni,Twitter,Epsilon Technologies,Data Science and Engineering Bootcamp,Market Research,Alibaba Group,Nikkei Asian Review,LinkedIn,TED Conferences,Forbes,Twitter,Pulse
429,General Assembly,Coursera,Deloitte,Udacity,Northwestern University - Kellogg School of Management,HBR Consulting,Metis,Data Analyst Nanodegree,SQL 2-Day Bootcamp,Managing Big Data with MySQL,International Finance,Data Science,Udacity,Accenture,Entrepreneur Media,Business Insider,Deloitte,Your Career,LinkedIn
430
431,bWise AS,DataCamp,The Norwegian School of Information Technology,Affecto,Academic Work Sweden,Logica,Academic Work Sweden,Inmeta,Accenture,DataCamp,Westerdals Oslo ACT,Data Science Dojo,Data Science and Data Engineering Bootcamp,Introduction to R,Introduction To Computer Technology,Scrum
432,UDig,Georgetown University,LinkedIn,Metis,The London School of Economics and Political Science (LSE),Pulse,GE,Internews Network,The Boston Consulting Group (BCG),Data Science Dojo,Diplôme d'études en langue française (DELF) Level B2 French Proficiency,Macroeconomics,International Relations
433,Aircraft Technical Publishers (ATP),Pearson,CareTech Solutions,GTB,Graphic Design,EdSurge
434,Coursera Course Certificates,Bachrach,Hound Rescue,Illinois State University,Pearson,State Farm,Gamification,Certified Scrum Master,English,Leadership,Elite Strength and Conditioning; Inc,Pulse,Data Science Dojo
435,Travelocity,TD,Corbis,Travelocity,lastminute.com group,Vincent T. Mills,LINQ to Objects Using C# 4.0: Using and Extending LINQ to Objects and Parallel LINQ (PLINQ)
436
437,IBM,Oracle,Rajiv Gandhi Prodyogiki Vishwavidyalaya,Microsoft,University of Arizona,Business Intelligence ,Java,Microsoft,University of Arizona,Business Intelligence ,Java
438,Coursera Course Certificates,Integration Marketing and Communications,MITX,Shell,ELTA,Coursera,Pointlogic; A Nielsen Company,Toastmasters International,European Space Agency - ESA,Philip Morris International,Entrepreneurship 101: Who is your Customer,Competitive Strategy,Machine Learning,Process of Negotiations,Statistics,Atlassian,Adobe,Worldpay,re:Work with Google,University of Oxford - Said Business School,Arctic Shores,Bisnode Nederland,Michelin,Digger Foundation,Mondelez International
439,NXP Semiconductors,The University of Texas at Austin,NXP acquires Freescale Semiconductor,Motorola,Spanish,APC,Tecnológico de Monterrey,Recruiting & Hiring
440
441
442,Data Science & Data Engineering Corporate Training,Heal Inc.,Gem HQ,Pulse,City Fellows Consortium,University of California; Los Angeles,Heal Inc.,Stamps Family Charitable Foundation; Inc.,Data Science Dojo,Data Science and Data Engineering Bootcamp,Stamps Leadership Scholar,Piotr Slomka,The Impact Of Seed Variation on the Measured Accuracy of Machine Learning Algorithms (AUC) for Several Common Model Validation Techniques in Nuclear Medicine
443,Cisco,Microsoft,Advanced Wireless Networks,Distributed Systems,Ooyala,Twitter,Pulse
444,Inscopix; Inc.,MindMaze,University of Mumbai,MedShare,CyberFlow Analytics,Santa Clara University,Cisco,Toastmasters International,Pragmatic Marketing,Data Science Dojo,Data Science and Data Engineering Bootcamp,Pragmatic Marketing: Foundation; Focus; Build,Toastmasters Competent Communicator (CC),English,Cloud Computing
445,TechCrunch,Texas A&M Foundation,Professional Women,Central Texas Food Bank,eBay,Dell Children's Medical Cntr; Austin TX,MapR Technologies,Infosys,DataCamp,Texas A&M University,The Big Event at Texas A&M University,Introduction to Big Data,Introduction to R,Apache Hadoop Essentials,Business Database System,Business Intelligence,eBay
446,EURECOM,Pulse,Microsoft,Microsoft Technologies
447,Littelfuse,Sysmex America; Inc.,Schneider Electric,Mergers,The University of Chicago Booth School of Business,Brilliant™
448,Interact - the intelligent intranet,Oracle,Affirm; Inc.,City of Santa Clara,Anvato,Eateam Inc,City of Santa Clara,World Health Organization,STG International Limited,Scrum Alliance,Unisys,Unisys India,UC Berkeley Extension,Data Science Dojo,Data Science and Data Engineering Bootcamp,Certificate Program in Project Management,Certified ScrumMaster (CSM),e-com@asset,Scrum
449,Sasken Technologies Limited,AIMS Migital Technovations Pvt. Ltd,STMicroelectronics,ST-Ericsson,Microsoft,ARM,Sasken Technologies Limited,AIMS Migital Technovations Pvt. Ltd,STMicroelectronics,ST-Ericsson,Microsoft,ARM,ARM,Amazon Lab126,CSR,Qualcomm
450,DataKind,Uber,Equity Methods,Electronic Arts (EA),Arizona State University,English,Statistical Modeling
451,AbbVie,Pulse,3Back LLC,Company is being deleted - thank you!,University of Illinois System,AbbVie,Teradata,JAMMIN' DJs - Colorado,Pharmaceutical Industry,Teradata Advanced Workflow Configuration Certification,José G. Dórea,Automated speciation of mercury in the hair of breastfed infants exposed to ethylmercury from thimerosal-containing vaccines
452,Willis Re,Allianz Reinsurance,Great Eastern Life,English,Interpreting Data
453,Manulife,Next Pathway Inc.,PMC Specialist Recruitment Solutions,BMO,Staff IT Search Group Inc.,Tangerine,AAL,Data Science Dojo,Data Science and Data Engineering Bootcamp,Oracle Certified Professional,Data Modeling
454,Bemana Power Recruitment,The Carlyle Group,Citi,Shell,Bain Capital,Tulane University School of Medicine,Investment Banking Institute,Thomson Reuters,Bloomberg LP,Mesoamerica,Tulane University,Thomson Reuters Eikon 4,Bloomberg,English,Financial Modeling
455
456,PayPal,Datascope Analytics,Data Science Dojo,Holt Renfrew,PwC Canada,BMO Financial Group,CIBC,Data Science Dojo,Certified Fraud Examiner (CFE),Chinese,Requirements Analysis
457,Deer Creek Financial,Aura Group Pty Ltd,Investments,Deer Creek Financial,Aura Group Pty Ltd,Investments,Horus Partners Wealth Management Group SA,TechCrunch,Time Magazine,Hera Capital,Entrepreneur Media
458,London Economics Ltd,Delta Lloyd Asset Management,Jilin University,Pulse,Delta Lloyd Asset Management,???????,????,Schouten & Nelissen,Communication skills,Chinese,Mathematical Modeling,Delta Lloyd Asset Management,RBS,Jilin University,Schouten & Nelissen,Communication skills,Chinese,Mathematical Modeling
459,Microsoft,Pulse,Microsoft,English,Microsoft,English
460,TechCrunch,Kaggle,Keio University,Data Science Dojo,University of California; Santa Cruz,edX,edX Verified Certificate for Introduction to Python for Data Science (offered by Microsoft),edX Verified Certificate for Introduction to R for Data Science (offered by Microsoft),English
461
462,Intuit,Apple,National Taiwan University,Cisco Internet of Things,The Home Depot,eBay,Delta Electronics,Intuit,DC International Advisory; LLC,Applied Econometrics,API
463,University of Washington,Blue Moon Digital; Inc.,Blue Moon Works; Inc.,SEM
