s,1,2,3,4,5,6,7
1,Private Equity; M&A; and Venture Capital Investments,Data Science Dojo Alumni
2,Data Science Dojo Alumni,ITIL & ISO20000 Service Management + ITSM Subgroups,Text Analytics
3,Biostatistics,Harvard Business Review
4
5
6,Data Science Dojo Alumni
7,Business Analytics; Big Data; and Artificial Intelligence
8,Big Data and Analytics,Data Science Dojo Alumni,Data Mining; Statistics; Big Data; Data Visualization; and Data Science,Disney Data & Analytics Conference
9,Adobe Digital Marketing Europe,Data Science Dojo Alumni
10,MACH IT @ Microsoft,Data Science Dojo Alumni
11,Seattle Entrepreneurship Club,Distributed Systems Developers
12,Data Science Dojo Alumni,Hadoop Users,Big Data Analytics and Hadoop
13,Fashion Editors,Managed Cloud Services,Footwear StartUps
14,Harvard Business Review
15,AMERICAN UNIVERSITY IN BULGARIA,IT Compliance and Security,DevOps Professionals,Data Science Dojo Alumni
16
17,Harvard Business Review
18,Digital Analytics Association,Tableau Software Fans and Friends
19,Systems Biology,Data Science Dojo Alumni
20,The R Project for Statistical Computing,Caravel Data Visualization,Innovative Medicines Initiative
21,Data Science Dojo Alumni,McGill Faculty of Engineering
22,Big Data | Analytics | Strategy | Finance | Innovation,Data Science Dojo Alumni,Iasa: The Global IT Architect Association
23,Web Analytics Professionals
24,Under30CEO Members,Start-Up Phase Forum,The Grasshopper Entrepreneur Network
25,Data Science Dojo Alumni,NUCES (BCCI - FAST ICS) National University of Computer and Emerging Sciences (www.nuces.com)
26
27,Hispanotech.ca
28
29,American Public Health Association (APHA)
30,Dutch Marketing Professionals,Hanzehogeschool Marketing & Management
31,Green Jobs & Career Network
32,PMO Experienced (Practicing Project and Program Managers)
33
34,Microsoft Business Intelligence,Microsoft - Current and Former Employees
35
36,Data Science Dojo Alumni
37,SSRS/ SSIS/ SSAS Group,Microsoft SQL Server,SQLSERVER User Group,MADdotNET - Madison; Wisconsin .NET User Group
38,PhD Consulting Club at UC Berkeley,Data Science Dojo Alumni,Algorithmic Traders Association: CTA & Quant Funds System Trading | Stocks; Futures; Forex; Options
39
40
41,Data Science Dojo Alumni
42,\,Social Media for Nonprofit Organizations,Location Intelligence and Analytics,QGIS
43,Data Science Dojo Alumni,Microsoft Exchange Experts
44,Singapore Careers / Jobs Listing - Asia Job Seekers and Recruiters,Wearable Technology Professionals Network
45,Data Science Dojo Alumni,Test automation
46,Early-career scientist network,Australia21
47,Associació i Col·legi Oficial d'Enginyers de Telecomunicació de Catalunya,Analytics; Big Data and Data Science Jobs
48,Software Development Management Professionals,Data Science Dojo Alumni,Guindy Engineering College Alumni
49,Cloud and Big Data Development & Research Group
50,Global Entrepreneurship Network,AIESEC
51,We Are Orange County!™ (WAOC™) - California,Intern World,Big Data; Analytics; Business Intelligence & Visualization Experts Community,Ecommerce and Online Marketing Experts,Los Angeles Business Network,The Big Data Institute - IOT; Big Data Analytics; Cloud Computing; Blockchain
52,Data Science Dojo Alumni
53,AnyLogic Users,Yale Alumni Nonprofit Alliance,Yale Alumni Nonprofit Alliance - Seattle
54,Big Data and Analytics,Data Science Dojo Alumni,SQLDBA,Microsoft Business Intelligence
55,Research Methods and Data Science with AI,iamWednesday Singapore (formerly Web Wednesday)
56,Mobile Architects,Data Science Dojo Alumni,Mamram Alumni (1500+ Members)
57,Data Science Dojo Alumni
58,Data Science Dojo Alumni
59,Linked DBA
60,SharePoint Practitioners
61,OpenStack
62,Business Intelligence,cloudsters - Corporate Engineering Group -,Typemock - Easy Unit Testing,Microsoft Partner Network,PinPoint - Global Microsoft Partners Directory,MICROSOFT JOBS JAPAN CHINA & ASIA PACIFIC including Korea Singapore Australia Hong Kong India
63
64,Test strategy and test management
65
66,TDWI: Analytics and Data Management Discussion Group,Data Scientist Network,Data Science Dojo Alumni,BI Competency Centers,Amazon AWS Architects,Data Warehousing (Business Intelligence; ETL) Professional's Group,Business Intelligence Professionals (BI; Big Data; Analytics; IoT)
67,Big Data and Analytics,SSA Former Employees,Microsoft Dynamics Elite,XLRI Network,Army Public School; Dhaula Kuan Alumni,Georgians bangalore
68,The Customer Success Forum
69
70,Data Science Dojo Alumni
71,Data Science Dojo Alumni
72,Office 365 & Dynamics 365,PMI Puget Sound,Microsoft - Alumni and FTEs
73,Business Process Improvement and Change Management
74,Live Video Streaming,OTT (Over the Top) VIDEO
75,Data Science Dojo Alumni
76,Data Science Dojo Alumni,Big Data; Analytics; Business Intelligence & Visualization Experts Community,WITI - Women in Technology International
77,Data Science Dojo Alumni
78,WPF - Windows Presentation Foundation,MSDN España,Data Science Dojo Alumni,C# Developers / Architects
79,Omaha Analytics Forum,Marketing Analytics & Data Science
80
81
82,Information Management Australia,TDWI: Analytics and Data Management Discussion Group,Big Data; Analytics; Business Intelligence & Visualization Experts Community,Microsoft Partner Network
83,Sustainable construction and planning,Fuel Cells,Machine Learning Connection
84,Ruby on Rails
85
86,Data Science Dojo Alumni,Binghamton University Alumni Association Job Forum
87
88,Data Science Dojo Alumni,PI Professionals,Data Science Dojo Bootcamp at Chicago! October; 2016
89,University of Arkansas at Little Rock (UALR),UALR Information Quality Graduate Program,Little Rock Connections
90
91,GTA Executives Cycling Network,UX / CX / Product / Strategy,AU Faculty Lounge
92
93,Data Science Dojo Alumni
94,Applied Cognitive Psychology-Toegepaste Cognitieve Psychologie,Pharmacology and Physiology
95
96,Tech4Good Challenge 2016,CFA Program Candidates,Data Science Dojo Alumni,The University of Queensland Alumni,Data Mining; Statistics; Big Data; Data Visualization; and Data Science,IACCM - International Association for Contract and Commercial Management
97
98
99
100
101,OSGi Alliance,Wearable / IoT,Cloud Computing,EETAC Alumni (former EPSC and EUPBL)
102,Data Science Dojo Alumni,Pivotal: Data Science Group
103,SSRS/ SSIS/ SSAS Group,UK SQL Server User Group,Microsoft Business Intelligence,Big Data; Analytics and Data Science Training
104
105,ACM SIGKDD & Annual KDD Conference,University of Miami,Data Mining Specialization
106
107,St. Louis Sustainable Business Network,INCOSE Midwest Gateway Chapter,Data Science Dojo Alumni
108
109
110,Stocks; Bonds; Mutual Funds; ETFs; Real Estate - Investments Networking Group,Consumer Insights Interest Group,Design Council,Future Trends
111,Data Science Dojo Alumni,UIUC Networking
112
113
114,TKE Gamma Chapter,ECE ILLINOIS Alumni and Friends,UIUC Networking
115,Data Science Dojo Alumni
116,Nurse Practitioner,American Nurses Association,On Startups - The Community For Entrepreneurs
117,McGuire Entrepreneurship Program Alumni
118,MSFT Business Intelligence Professionals,Güç Birligi,analizBIRimi,Data Science Dojo Alumni,Microsoft IT
119,CodeMash,Data Science Dojo Alumni
120,Geology and Geologists,Carbonate Petrophysics Group
121,Lean Six Sigma Worldwide,The Quantitative Market Research Forum
122
123
124,Data Science Dojo Alumni
125
126,Python Community
127,IDF Technology Unit Alumni (Hatzava)
128
129,MIT Professional Education,Data Science Dojo Alumni,Intel Alumni Association
130
131,The Financial Services Club
132,UFCG,Hochschule Esslingen - University of Applied Science Esslingen,Esslingen MBA
133
134,Food and Business Network
135,UC San Diego Alumni,Data Science Dojo Alumni,RDataMining: R and Data Mining,Omicron Delta Epsilon - Economics Honor Society,Lynbrook High School
136,Big Data and Analytics,Data Science Dojo Alumni
137,ERwin Data Modeling,Big Data and Analytics,Data Migration Professionals
138
139,Social Media Marketing Group \uD83C\uDF0F (2159699),Data Science Dojo Alumni
140
141,AWS Cloud Computing (For Interested Parties & Users)
142,Data Science with R
143,Nuclear Engineers
144,Data Science Dojo Alumni,American Association for the Advancement of Science (AAAS)
145,Data Intensive Computing in the Clouds (DataCloud),Big Data and Analytics,Buckeye Alumni Network (The Ohio State University)
146
147,Illinois State University Alumni,Big Data and Analytics
148
149
150,Software & Technology (#1 in Jobs; HR; Managers; Cloud; Mobile; Voice; CRM & Big Data)
151,Linked.NET Users Group (LIDNUG),Seattle Area Startups,Cloud Computing
152,CUDA Users Group,University of Louisville Speed School Graduates (Engineering),Startup Weekend
153,Machine Learning T.O,Data Science Dojo Alumni
154
155,Nyenrode Alumni (official),Vacatures.nl,HZ University of Applied Sciences - officiële alumni- en netwerkgroep
156,Lean IT Enterprise,Microsoft - Alumni and FTEs,Microsoft - Current and Former Employees,Cloud Computing
157,UT Arlington Graduate Studies,Data Driven Marketing & Automation,Business Analytics; Big Data; and Artificial Intelligence,Data Science Dojo Alumni,Big Data Professional Network
158,IIR ICT,Agile and Scrum Networking Group (Training ;Coaching ;Consulting),ICT Beheerders & Vacatures,Dutch ICT Professionals
159,Data Science Dojo Alumni
160,Tampa Bay Innovation Center (STAR TEC)
161,ACM Members,Data Science Dojo Alumni
162,HP Connections: Current Employees and Alumni of Hewlett-Packard; Hewlett Packard Enterprise; HP Inc.
163
164,Green Knight International Business Network,Society of Environmental Toxicology and Chemistry,Data Science with R
165,Data Science Dojo Alumni
166,Worldwide Lean Six Sigma
167,Groupon Alumni
168,Software Development Management Professionals
169,Data Science Dojo Alumni,Columbia Alumni Association Network,NewMR - Co-creating the future of Market Research
170
171
172,JSON Query Processing,Semantic Web for Life Sciences,\,Horizon 2020; Framework Programme for Research and Innovation Group,Applied Artificial Intelligence
173,Michigan Engineering Alumni - OFFICIAL GROUP,The Logistics & Supply Chain Networking  Group,University of Michigan Alumni
174,Big Data | Data Analysis,Oracle Certified PL/SQL Developer Associate (OCA)
175,Excel and VBA Users,Discussiegroep Salarisadministratie,Salarisnieuws
176,Data Science Dojo Alumni
177
178,Data Analysts for Social Good,Data Science  Central
179
180,Data Science Dojo Alumni
181,Math Jobs Mathematics Statistics Computer Science Stat Maths Data Analytics Finance MathJob.com,The Math Connection,Nicholls State University Alumni Federation,Engineering Science Manufacturing Business Engineer Sales HR Recruiter Staffing Tech NicheJobs.com
182,Campaign: brands,Quotivate,Cake London,Social Media Marketing
183
184,Data Science Dojo Alumni,SOCIETALogy - Studying Societies as Organizations
185,Data Science Dojo Alumni
186,Data Science Dojo Alumni,Data Science Dojo Bootcamp at Chicago! October; 2016,BI Directors Subgroup
187,NA MACT MANIT Alumni group,Big Data and Analytics,Data Science Dojo Alumni,Microsoft Developers
188,Creativity Champions,India Leadership Network,Worldwide Management Consultants,SVII
189,FS Women
190
191,Big Data | Analytics | Strategy | Finance | Innovation,Harvey Fellows,Entrepreneurs Who Change the World
192,Windows Phone 7 Users Group,UX Designer,Streaming Media Professionals,Azure Developers
193,PhD Physicists
194,MCITP Microsoft SQL Server,PASS - The Community for Data Professionals,Microsoft SQL Server Developers group
195,Data Science Dojo Alumni
196,OpenDaylight Community,Internetwork Experts (CCIE; JNCIE; etc),ATP Connect - Where Communications and Technology Professionals Connect,Distributed Network Monitoring,Tech Field Day
197,Data Science Dojo Alumni,Tableau Software Fans and Friends
198
199,IT Project Managers
200
201,Analytics,Data Science Dojo Alumni,Egresados de la Universidad de Guadalajara
202,Data Scientists,East Coast Big Data (ECBD)
203
204
205
206
207,Seattle - IT Jobs,Small Business Accelerator,DevOps at Scale
208,Business Intelligence Professionals in Switzerland,Helsingin yliopisto | University of Helsinki Alumni,ETL/DWH/Business Intelligence Jobs,Data Science  Central
209,GlassFish Users
210,Data Mining; Statistics; Big Data; Data Visualization; and Data Science,Future Trends,Digital Marketing Professionals Network
211
212,Nanotechnology World Association
213,InternshipInAsia - Internships and Graduate Jobs in Hong Kong
214,IIT Kharagpur
215,TestLink - Open Source Test Management,Software Testing / QA &  Automation,Project Manager Community - Best Group for Project Management,Data Science Dojo Alumni
216,IRMAC,The Enterprise Architecture Network
217
218
219
220
221,Iowa State University Network
222
223,The R Project for Statistical Computing,Microsoft Power BI,Data Science Dojo Alumni
224,APMEX Inc.,Abbott Laboratories Employees & Alumni,Office 365 | SharePoint - Apps - Azure
225,Data Science Dojo Alumni
226
227,Big Data and Analytics,Citrix XenServer Events
228,KDnuggets Analytics; Data Mining; and Data Science,Information Technology: Jobs; Job Postings & Job Recruiters,Analytics Professionals - Jigsaw Academy
229
230,MIT Professional Education
231,RICHMOND CONNECTIONS,Washington University Alumni Group
232
233,Software Development Jobs - Powered by IvyExec.com,Microsoft - Current and Former Employees
234,Data Science Dojo Alumni,SDET Jobs
235,The R Project for Statistical Computing,Wildlife Conservation Society
236,Memorial University Alumni - Global
237,Data Science Dojo Alumni
238,Machine Learning and Data Science,Python Web Developers
239,Horizon 2020 Information and Communication Technologies - Industrial Leadership,Robotic@Green (Robotica Green; RoboticaGreen; Green Robotics),Computer Vision Online,Applied Artificial Intelligence
240,GIS,Avanade Business Intelligence,Microsoft Business Intelligence,GPS Business News,GIS & Geospatial Technology Leadership Group (GTLG)
241
242,Salesforce Data Quality Forum,Market Research Online Communities
243,.Net Professionals,Scrum Practitioners,Agile Testing
244,The R Project for Statistical Computing,Dale Carnegie Global Graduates
245
246,Hadoop Professionals,Stanford Pre-Business Association,Data Science  Central,Stanford School of Engineering
247
248,Capacity Media,CDN Industry,Linux Expert,Globo TV Network
249,Data Science Dojo Alumni
250,Software Refactoring,Microsoft Azure for Research,Amazon Web Services Users
251,.NET People
252
253,University of Pennsylvania Alumni
254,Data Science Dojo Alumni
255,Data Visualization - Shiny R,Shiny Server Developers & Administrators Group
256,The Lean Industrial Engineering Group,HBX Networking
257,Business Forecasting; Planning and Analysis,Power; Utilities & Renewables Group
258,Distressed Debt Investing,Data Science Dojo Alumni,UBS Investment Bank / UBS,Pharmaceutical Sales Representative
259,Digital Analytics Association,eMarketing Association Network,Predictive Model Markup Language (PMML) for Data Science & Machine Learning,BYU Marriott School of Management Alumni,Adobe Marketing Cloud (formerly Omniture) Users Group
260,Data Science Dojo Alumni
261,Stern School of Business New York University,The Economist (official group for The Economist newspaper),Learning and the Future of Work
262
263,Angel Investors (3509536),Natural Language Processing People
264,York University - Faculty of Liberal Arts & Professional Studies
265
266,R Programming,Business Analytics; Big Data; and Artificial Intelligence,Better Marketing with Analytics
267,Data Science Dojo Alumni
268,Teachers College; Columbia University Alumni,Cornell Silicon Valley (CSV),CEN Group,Cornell University Alumni Network
269,US Lacrosse Members,Big Data and Analytics,Avanade Business Intelligence,Avanade Professional Network
270,GWU Graduate Certificate Program in Survey Design and Data Analysis,Data Science Dojo Alumni
271,ARPM - Advanced Risk and Portfolio Management,Florida State University (FSU) Alumni,Mathematical Risk Management Graduate Student Association (MRM GSA),Georgia State University - Graduate Business Association
272,Retail Observer
273,Microsoft - Alumni and FTEs
274,Freelance @ Abn Amro,ABN AMRO Bank
275,Hedge Fund Black Box Algorithmic Trading,U.C.S.D. Alumni,Chicago Trading
276
277,PowerShell Power Users
278,LinkedGolfers; #1 Golf Networking Group Online,NCAA Ice Hockey Alumni Networking
279,Data Science in Healthcare,TensorFlow PULSE,Analytics; Big Data and Data Science Jobs
280,Case Interview Practice,Management Consulting Jobs - Powered by IvyExec.com,Manchester Business School | Miami-Americas Center,Product Management,Resume Writing and Job Search Advice,Alliance Manchester Business School Alumni (Official)
281,Big Data; Analytics; Hadoop; NoSQL & Cloud Computing,Tech & Finance,Finance Plus: Private Equity; Venture Capital and M&A news,Data Science & Machine Learning,Open Source,jQuery
282,Oregon State University Network,Envision Health Insights,PDX Technology Professionals - Portland Oregon,IoT – Internet of Things; M2M; Smart Cities; Connected Home; Car & Industry; mHealth and Wearables
283,Enterprise Efficiency
284
285,Database Developer / Administrators,B-Universe Telecoms & ICT
286,USC Trojan Network,Industry Jobs,Reservoir Simulation,Big Data and Analytics,Oil and Gas Jobs in USA Texas Houston Dallas Florida Louisiana CANADA Alberta Calgary Manitoba
287,ICIDS - Interactive Storytelling
288,Small Business Accelerator
289,Big Data and Analytics,Data Mining; Statistics; Big Data; Data Visualization; and Data Science
290,Business Analyst Professional
291,iOS Developers Group,PHP Community,SugarCRM Official Group,PHP Developers
292,Dubai Professionals Forum,Oracle Business Intelligence - OBIEE,Epic Data Warehouse (i.e.; Cogito; Star; Caboodle),Business Intelligence Professionals (BI; Big Data; Analytics; IoT),BI Jobs
293,ISO27000 for information security management,Pakistani VAS  Professionals,CTO Network
294,Image Processing,Image Processing and Machine learning in Smart Phones,Medical Signal and Image Processing,Image Processing Interest Group
295
296,The R Project for Statistical Computing,Data Science Dojo Alumni
297,Mineral Processing Chemistry
298,Utah Data Science And Machine Learning,Data Science Dojo Alumni,Data Mining; Statistics; Big Data; Data Visualization; and Data Science
299,Data Science Dojo Alumni
300,Data Science Dojo Alumni
301,Amrita University,Engineering Career Opportunities (Jobs & Employment),College Grad Recruiting
302,High Scalability Architecture Design,Social Media Marketing,OTT (Over the Top) VIDEO,Node.js
303,8200 Fellowship - Israeli IDF,Data Science Dojo Alumni,Women's Leadership Council in Microsoft Server & Cloud Division,Educational App Talk
304,HBS's Business of Entertainment; Media; and Sports (BEMS),Data Science Dojo Alumni
305,Hwa Chong Alumni,Data Science Dojo Alumni
306
307,Seattle Cloud Professionals,Data Science Dojo Alumni
308,BI specialisten Nederland
309,Python Data Science and Machine Learning,Data Scientists,Machine Learning and Data Science,Alumni: Bharati Vidyapeeth College of Engg. Pune,Data Science  Central
310,PricewaterhouseCoopers (PwC) employees and alumni - unofficial group,Microsoft - Current and Former Employees
311
312,Tableau Software Fans and Friends
313,Microsoft - Current and Former Employees,Cloud Computing
314,Society for Laboratory Automation and Screening (SLAS Americas),CellProfiler,High Content Screening
315
316,The R Project for Statistical Computing,Gestion de la Incertidumbre en la Logistica Integral,High Frequency Trading
317,The Digital CMO Transformation Network,Mobile start-ups - 25;000+ members and growing!
318,Cloud Ecosystem Management Group,Cloud,Cisco UCS and Cloud Architecture,Machine Learning and Data Science,Intel Alumni Association,Big Data; Analytics and Data Science Training
319,Data Science Community,Michigan Ross School of Business Alumni,Mobile Contactless and Payment Innovations,Data Science  Central
320,Social Housing; Construction & Infrastructure Group UK,Higher Education Management
321,IvyLife/The Original Ivy League Network/Brown Columbia Cornell Dartmouth Harvard Princeton Penn Yale,Content Conversion Strategies,Learning; Education and Training Professionals Group,Linked:Seattle,Documentation and Technical Writing Management,Cloud Hosting & Service Providers Forum,Azure Developers
322
323,Flanders District of Creativity,FlandersBio,GENETICS Jobs - Scientific; Molecular; Medical; Biotechnology
324
325
326,Fixed Income Asset Management,NVP,ThinkPad Owners
327,Motorola Solutions Open Day,Pattern Recognition; Data Mining; Machine Intelligence and Learning,Jagiellonian University,Microsoft - Alumni and FTEs,Microsoft - Current and Former Employees
328,SaaS (Software as a Service) Networkers,Big Data Open Source Security,C# Developers / Architects,Cloud Computing
329,Microsoft - Current and Former Employees
330
331,Strategy&; part of the PwC network - Business Strategy (official group)
332,Big Data and Analytics,Data Science & Machine Learning,The Indus Entrepreneurs (TiE); Bangalore,HDP Data Science
333,Data Science Dojo Alumni
334,YOUNG INDIAN ENTREPRENEURS,Microsoft Dynamics AX Forum,Microsoft Azure & Microsoft Cloud,Data Science Dojo Alumni,QA & Testing Group
335
336,CQF Institute
337,GNIIT ians
338,Digital Technology & Media,Women's Sports Foundation Intern Program Alumni,TV Mainstream Digital Media Group,ESPN Alumni
339
340,Python Data Science and Machine Learning,OUR GREEN EARTH,IT audit,Security Information and Event Management (SIEM),Jobs / Careers in Big Data / Hadoop / Data Science / Analytics / Machine Learning / Deep Learning,Populus Group H-1B / Green Card Services
341,SAP Management Professionals
342,SPRINT NEXTEL CONNECTIONS GROUP,IT Versity - Certifications
343,Data Science Dojo Alumni
344,Platinum Alumni Network,Microsoft Alumni & Employees
345,Snow Software End User Community,Value Management Leaders
346,AnDevCon: The Android Developer Conference,Amazon AWS Architects
347,Service Oriented Architecture Special Interest Group,Data Science Dojo Alumni
348
349,Data Science & Machine Learning,Data Scientists,Data Science  Central
350,Emacs,Data Science Dojo Alumni,Hacker News
351,Leadership LUMS,Big Data and Analytics
352,IES Abroad,Kea New Zealand
353,Big Data Forum - Driving Big Insight,Data Science Dojo Alumni,Computerworld Australia
354,Big Data; Analytics; Business Intelligence & Visualization Experts Community,The Enterprise Architecture Network,Data Science  Central,Executive Suite,DataWarehousing/ETL
355,The R Project for Statistical Computing,Storage Specialists
356,Deutschland Konnektion,Seafood Traceability Group,Email Marketing Roundtable
357,Sales 2.0,Direct Marketing for Software,On Startups - The Community For Entrepreneurs
358,AOTS / HIDA Alumni,KDnuggets Analytics; Data Mining; and Data Science
359,Edmonton SAS Users Group (ESUG)
360,Data Science Dojo Alumni,Seattle and LA Marketing Analytics Groups,Decision-Making in Business
361,IT Specialist Network,IT Specialist e-Gov Network
362,Data Science Dojo Alumni
363,Pension Play Pen,Willis Towers Watson Employees and Alumni,Russell Alumni,Official CFA Society of the UK Members Group,CFA Institute Members
364,Networking Activo,Trabajo y  Empleo En España (Buscar y Ofertas España) Spain Top Job Search Group
365,LinkingIndia,iCMG Architecture World
366
367,Area Startups,DFMA Discussion Group,FPC of Columbia-Procurement and Supply Chain Management
368,MIS Professors,Data Science Dojo Alumni,Microsoft Alumni Network
369,Marketing Operations Future
370,Liquid Crystal Institute
371,Microsoft Business Intelligence
372,PMI Puget Sound,BI over Beers
373,Telecom Big Data & Analytics,International Institute for Analytics,Dubai Recruitment
374,SQL Server Administrators,Cloud Computing; SaaS & Virtualization,Microsoft Business Intelligence
375,Information Technology Professionals ? Cloud ? Mobile ? Big Data ? IoT ? Agile Scrum Lean ? IT Jobs,SAP Convergent Charging (SAP CC); SAP Convergent Invoicing and SAP FI-CA;SAP Hybris Billing
376,PASS Business Analytics,Calgary Internet of Things (IoT) Users Group,Data Science Dojo Alumni,Calgary Technology Network,SQLBits
377,Front End Developers,Data Science Dojo Alumni,International Baccalaureate
378
379,Pune Startups,Big Data; Analytics; Business Intelligence & Visualization Experts Community,The Illumination Foundation: Philanthropic; Sponsorship & Fundraising Innovators Network
380,Business Analyst certification free workshop,Business Analysis,Business Analyst Payments and Billing,Tableau Software Fans and Friends,Cognos Training
381,Data Science Dojo Alumni,Linked.NET Users Group (LIDNUG)
382
383,Grails User Group - Sponsored by OCI,Groovy User Group,MongoDB Professionals Worldwide
384,Tableau Enthusiasts
385
386,Matlab,Finite-Discrete Element Method (FDEM)
387,Data Science Dojo Alumni,The Enterprise Architecture Network,ITSM Academy Alumni
388
389,Greater Houston Partnership Official Group
390,Data Science Dojo Bootcamp at Chicago! October; 2016,Forbes 30 Under 30,Wildlife Conservation Society
391,Greenwich University Karachi Pakistan
392,Microsoft - Alumni and FTEs,Microsoft Alumni Network
393,Big Data and Analytics,BLOCKCHAIN BUSINESS
394,Entertainment Industry,ART Professionals Worldwide
395
396,Patent Law Group
397
398,Data Science Dojo Alumni,Villanova University Club of New York City
399,GMCA (Graduate Management Consulting Association),Data Science Dojo Alumni
400,Visual Analytics
401
402,Big Data and Analytics,Data Science & Machine Learning,Data Science with R
403,Deloitte Employees and Alumni,Scaled Agile Framework® (SAFe®),Group Columbus,Scrum Practitioners,Microsoft - Alumni and FTEs
404,Microsoft IT,Microsoft - Current and Former Employees
405,Infosys Global Alumni Network.,Data Science Dojo Alumni,Infosys,Informatica World,Informatica / ETL Developers
406,Dev Bootcamp Alumni
407,Service Oriented Architecture Special Interest Group,Integration Architecture & SOA Jobs for UK and EMEA,Dubai Recruitment,Data Science Dojo Alumni
408,Labovitz School of Business and Economics at UMD
409,Data Scientists,Data Science  Central
410,Senior Information Technology Specialists,Open Source,The Enterprise Architecture Network,Tech Plus
411
412,IDEO U,SAP Community,Business Analysts,Workforce Intelligence Consortium,Harvard Business Review
413
414
415,Data Science Dojo Alumni
416
417,Build and Release Engineers,Cloud Computing
418
419,Operation Solar,Linked:HR (#1 Human Resources Group)
420
421,Cloud Computing; SaaS & Virtualization
422
423,Women in Data Science (WiDS)
424,Artificial Intelligence Applications,Big Data Analytics and Hadoop
425,KPMG Switzerland,Data Science
426,Predictive Analytics Network (PAN),Microsoft Business Intelligence,Harvard Business Review
427
428,Predictive Analytics Network (PAN)
429
430
431,BOB - BusinessObjects Brukergruppe
432,Georgetown University
433,User Experience,User Interface and Experience
434,Pearson,Business Analysts,Silicon Valley iOS Developers and Entrepreneurs
435,Monte Carlo Simulation and Risk Modelling,Seattle & Eastside Area Software Process Improvement Network,Test automation,Linked.NET Users Group (LIDNUG),Measurement and Analysis Forum
436
437,BI Freelance Group,Elon Musk
438,Erasmus Universiteit Rotterdam / Erasmus University Rotterdam (official)
439,APC (Advanced Process Control) Professionals
440
441
442,Project DataREACH,The R Project for Statistical Computing,Data Science Dojo Alumni
443,Big Data Professional Network
444,Recommender Systems,280 Group: Product Management & Product Marketing,SCU Alumni Association
445,Data Warehouse Architects,Texas A&M University Alumni
446,Data Science Dojo Alumni,UFE Monde,Microsoft - Current and Former Employees,System Center Service Manager
447,Big Data | Analytics | Strategy | Finance | Innovation,Chief Financial Officer (CFO) Network - The #1 Group for CFOs,Internet of Things Networking Group
448,PMI Project; Program and Portfolio Management: #1 group for career advancement
449,Embedded Systems Group,Algorithms,Internet of Things
450,ASU Arizona State University,Data Analyst,Industrial Engineering Network,Data Mining Professionals
451,Bioanalytical Method Development,NRES at Illinois,International HPLC Users Group,Business Analytics; Big Data; and Artificial Intelligence,Future Science Group
452,Insurance Professionals,Reinsurance Actuaries; Cat Modelers and Underwriters,Insurance Professionals - Singapore,Ethereum (Platform for Blockchain Applications),Global Insurance Professionals,Actuary Network - The #1 Group for Actuaries
453,Business Intelligence and Analytics Best Practices,Canadian Banking Technology
454
455
456,Business Analysts,Data Science  Central,The Big Data Institute - IOT; Big Data Analytics; Cloud Computing; Blockchain
457
458,Predictive Modeling in Insurance,Leiden Institute of Advanced Computer Science (LIACS)
459
460,Data Science Dojo Bootcamp at Chicago! October; 2016
461
462,Data Visualization (10K+ members)
463,EcommerceJobs.com,Chief Data Officer,Global Analytics Network,Applied Multivariate Analysis,Web Analytics Strategies Event,Coremetrics Users Group
