ID, Link, SourceCodeLink  
  1,https://www.linkedin.com/in/aaronmjacobs/,view-source:https://www.linkedin.com/in/aaronmjacobs/,
2,https://www.linkedin.com/in/abdulbaqueesharaf/,view-source:https://www.linkedin.com/in/abdulbaqueesharaf/,
3,https://www.linkedin.com/in/abdulla-jassim-a-45b08411/,view-source:https://www.linkedin.com/in/abdulla-jassim-a-45b08411/,
4,https://www.linkedin.com/in/Not Found/,view-source:https://www.linkedin.com/in/Not Found/,
5,https://www.linkedin.com/in/Not Found/,view-source:https://www.linkedin.com/in/Not Found/,
6,https://www.linkedin.com/in/abhi-sivasailam-b7627522/,view-source:https://www.linkedin.com/in/abhi-sivasailam-b7627522/,
7,https://www.linkedin.com/in/senseiabi/,view-source:https://www.linkedin.com/in/senseiabi/,
8,https://www.linkedin.com/in/adamgarland/,view-source:https://www.linkedin.com/in/adamgarland/,
9,https://www.linkedin.com/in/adam-mazur-vel-butynski-43996a99/,view-source:https://www.linkedin.com/in/adam-mazur-vel-butynski-43996a99/,
10,https://www.linkedin.com/in/teejayoj/,view-source:https://www.linkedin.com/in/teejayoj/,
11,https://www.linkedin.com/in/adilhafeez/,view-source:https://www.linkedin.com/in/adilhafeez/,
12,https://www.linkedin.com/in/adilzia1/,view-source:https://www.linkedin.com/in/adilzia1/,
13,https://www.linkedin.com/in/afshan-abbas-297a943/,view-source:https://www.linkedin.com/in/afshan-abbas-297a943/,
14,https://www.linkedin.com/in/agha-enmad-asif-khan-069b0a34/,view-source:https://www.linkedin.com/in/agha-enmad-asif-khan-069b0a34/,
15,https://www.linkedin.com/in/agron/,view-source:https://www.linkedin.com/in/agron/,
16,https://www.linkedin.com/in/ahmadalbenali/,view-source:https://www.linkedin.com/in/ahmadalbenali/,
17,https://www.linkedin.com/in/akashdeepmukherjee/,view-source:https://www.linkedin.com/in/akashdeepmukherjee/,
18,https://www.linkedin.com/in/alanbenson/,view-source:https://www.linkedin.com/in/alanbenson/,
19,https://www.linkedin.com/in/alejandro-wolf-yadlin-0005184/,view-source:https://www.linkedin.com/in/alejandro-wolf-yadlin-0005184/,
20,https://www.linkedin.com/in/alessandro-pasqua-79b49524/,view-source:https://www.linkedin.com/in/alessandro-pasqua-79b49524/,
21,https://www.linkedin.com/in/alexander-fried-1800802/,view-source:https://www.linkedin.com/in/alexander-fried-1800802/,
22,https://www.linkedin.com/in/alexkosykh/,view-source:https://www.linkedin.com/in/alexkosykh/,
23,https://www.linkedin.com/in/alexandreoppermann/,view-source:https://www.linkedin.com/in/alexandreoppermann/,
24,https://www.linkedin.com/in/alexandre-secanove-07370339/,view-source:https://www.linkedin.com/in/alexandre-secanove-07370339/,
25,https://www.linkedin.com/in/alibaloch/,view-source:https://www.linkedin.com/in/alibaloch/,
26,https://www.linkedin.com/in/alisharafs/,view-source:https://www.linkedin.com/in/alisharafs/,
27,https://www.linkedin.com/in/afreites/,view-source:https://www.linkedin.com/in/afreites/,
28,https://www.linkedin.com/in/Not Found/,view-source:https://www.linkedin.com/in/Not Found/,
29,https://www.linkedin.com/in/allison-ottenbacher-79885324/,view-source:https://www.linkedin.com/in/allison-ottenbacher-79885324/,
30,https://www.linkedin.com/in/amandatenbrink/,view-source:https://www.linkedin.com/in/amandatenbrink/,
31,https://www.linkedin.com/in/aminatariq/,view-source:https://www.linkedin.com/in/aminatariq/,
32,https://www.linkedin.com/in/amitravat/,view-source:https://www.linkedin.com/in/amitravat/,
33,https://www.linkedin.com/in/andreapeggion/,view-source:https://www.linkedin.com/in/andreapeggion/,
34,https://www.linkedin.com/in/andrei-sizov-2b051210/,view-source:https://www.linkedin.com/in/andrei-sizov-2b051210/,
35,https://www.linkedin.com/in/Not Found/,view-source:https://www.linkedin.com/in/Not Found/,
36,https://www.linkedin.com/in/andrewjamcook/,view-source:https://www.linkedin.com/in/andrewjamcook/,
37,https://www.linkedin.com/in/andrew-fuchs-9b431a9/,view-source:https://www.linkedin.com/in/andrew-fuchs-9b431a9/,
38,https://www.linkedin.com/in/andrewgearhartcompsci/,view-source:https://www.linkedin.com/in/andrewgearhartcompsci/,
39,https://www.linkedin.com/in/andrewchoi1/,view-source:https://www.linkedin.com/in/andrewchoi1/,
40,https://www.linkedin.com/in/atparsons/,view-source:https://www.linkedin.com/in/atparsons/,
41,https://www.linkedin.com/in/andrew-riddle-95819085/,view-source:https://www.linkedin.com/in/andrew-riddle-95819085/,
42,https://www.linkedin.com/in/andrew1ross/,view-source:https://www.linkedin.com/in/andrew1ross/,
43,https://www.linkedin.com/in/aneek-akram-b2ba2364/,view-source:https://www.linkedin.com/in/aneek-akram-b2ba2364/,
44,https://www.linkedin.com/in/ankur-bhargava-0376126/,view-source:https://www.linkedin.com/in/ankur-bhargava-0376126/,
45,https://www.linkedin.com/in/anna-goltsman-a5054136/,view-source:https://www.linkedin.com/in/anna-goltsman-a5054136/,
46,https://www.linkedin.com/in/anna-richards-61963121/,view-source:https://www.linkedin.com/in/anna-richards-61963121/,
47,https://www.linkedin.com/in/anxoarmada/,view-source:https://www.linkedin.com/in/anxoarmada/,
48,https://www.linkedin.com/in/arasu-elangovan-0508993/,view-source:https://www.linkedin.com/in/arasu-elangovan-0508993/,
49,https://www.linkedin.com/in/arif-azim-8679812/,view-source:https://www.linkedin.com/in/arif-azim-8679812/,
50,https://www.linkedin.com/in/arnobiomorelix/,view-source:https://www.linkedin.com/in/arnobiomorelix/,
51,https://www.linkedin.com/in/arshadkhan2/,view-source:https://www.linkedin.com/in/arshadkhan2/,
52,https://www.linkedin.com/in/art-rask-55239029/,view-source:https://www.linkedin.com/in/art-rask-55239029/,
53,https://www.linkedin.com/in/artem-kopelev-5b068815/,view-source:https://www.linkedin.com/in/artem-kopelev-5b068815/,
54,https://www.linkedin.com/in/arthi-iyer-78a6417/,view-source:https://www.linkedin.com/in/arthi-iyer-78a6417/,
55,https://www.linkedin.com/in/asadjawed/,view-source:https://www.linkedin.com/in/asadjawed/,
56,https://www.linkedin.com/in/asaf-shveki-58829944/,view-source:https://www.linkedin.com/in/asaf-shveki-58829944/,
57,https://www.linkedin.com/in/ashley-zhang-8a81798/,view-source:https://www.linkedin.com/in/ashley-zhang-8a81798/,
58,https://www.linkedin.com/in/ashvinm/,view-source:https://www.linkedin.com/in/ashvinm/,
59,https://www.linkedin.com/in/asishabraham/,view-source:https://www.linkedin.com/in/asishabraham/,
60,https://www.linkedin.com/in/avenicio-baca-58aa2b14/,view-source:https://www.linkedin.com/in/avenicio-baca-58aa2b14/,
61,https://www.linkedin.com/in/anemat/,view-source:https://www.linkedin.com/in/anemat/,
62,https://www.linkedin.com/in/babithb/,view-source:https://www.linkedin.com/in/babithb/,
63,https://www.linkedin.com/in/Not Found/,view-source:https://www.linkedin.com/in/Not Found/,
64,https://www.linkedin.com/in/balachanderd/,view-source:https://www.linkedin.com/in/balachanderd/,
65,https://www.linkedin.com/in/balaji-balakrishnan-857b5775/,view-source:https://www.linkedin.com/in/balaji-balakrishnan-857b5775/,
66,https://www.linkedin.com/in/benjaminjenkinsiv/,view-source:https://www.linkedin.com/in/benjaminjenkinsiv/,
67,https://www.linkedin.com/in/bharat-mabbu-7372ab1/,view-source:https://www.linkedin.com/in/bharat-mabbu-7372ab1/,
68,https://www.linkedin.com/in/bilalaslam/,view-source:https://www.linkedin.com/in/bilalaslam/,
69,https://www.linkedin.com/in/Not Found/,view-source:https://www.linkedin.com/in/Not Found/,
70,https://www.linkedin.com/in/bhjohnson1/,view-source:https://www.linkedin.com/in/bhjohnson1/,
71,https://www.linkedin.com/in/brian-muckle-8291147/,view-source:https://www.linkedin.com/in/brian-muckle-8291147/,
72,https://www.linkedin.com/in/brucebernardi/,view-source:https://www.linkedin.com/in/brucebernardi/,
73,https://www.linkedin.com/in/brucegramsay/,view-source:https://www.linkedin.com/in/brucegramsay/,
74,https://www.linkedin.com/in/brunofms/,view-source:https://www.linkedin.com/in/brunofms/,
75,https://www.linkedin.com/in/byron-chu-95131782/,view-source:https://www.linkedin.com/in/byron-chu-95131782/,
76,https://www.linkedin.com/in/caitlin-whitlock/,view-source:https://www.linkedin.com/in/caitlin-whitlock/,
77,https://www.linkedin.com/in/carlos-cortes-franco-994a29105/,view-source:https://www.linkedin.com/in/carlos-cortes-franco-994a29105/,
78,https://www.linkedin.com/in/cmteixeira/,view-source:https://www.linkedin.com/in/cmteixeira/,
79,https://www.linkedin.com/in/carmitdiandrea/,view-source:https://www.linkedin.com/in/carmitdiandrea/,
80,https://www.linkedin.com/in/catherine-ng-a7a427a7/,view-source:https://www.linkedin.com/in/catherine-ng-a7a427a7/,
81,https://www.linkedin.com/in/cheng-wei-lee-385a2b12b/,view-source:https://www.linkedin.com/in/cheng-wei-lee-385a2b12b/,
82,https://www.linkedin.com/in/chrismbenson/,view-source:https://www.linkedin.com/in/chrismbenson/,
83,https://www.linkedin.com/in/chrisdemorsella/,view-source:https://www.linkedin.com/in/chrisdemorsella/,
84,https://www.linkedin.com/in/cenglert/,view-source:https://www.linkedin.com/in/cenglert/,
85,https://www.linkedin.com/in/chris-lill-0135b186/,view-source:https://www.linkedin.com/in/chris-lill-0135b186/,
86,https://www.linkedin.com/in/chris-raulli-b1467140/,view-source:https://www.linkedin.com/in/chris-raulli-b1467140/,
87,https://www.linkedin.com/in/Not Found/,view-source:https://www.linkedin.com/in/Not Found/,
88,https://www.linkedin.com/in/christine-ndege-a850b015/,view-source:https://www.linkedin.com/in/christine-ndege-a850b015/,
89,https://www.linkedin.com/in/wcodydecker/,view-source:https://www.linkedin.com/in/wcodydecker/,
90,https://www.linkedin.com/in/cory-engebretson-8ba6354/,view-source:https://www.linkedin.com/in/cory-engebretson-8ba6354/,
91,https://www.linkedin.com/in/corymogk/,view-source:https://www.linkedin.com/in/corymogk/,
92,https://www.linkedin.com/in/damonjoyce/,view-source:https://www.linkedin.com/in/damonjoyce/,
93,https://www.linkedin.com/in/danangelone/,view-source:https://www.linkedin.com/in/danangelone/,
94,https://www.linkedin.com/in/dan-dewitz-7b819757/,view-source:https://www.linkedin.com/in/dan-dewitz-7b819757/,
95,https://www.linkedin.com/in/dan-ross-61144b27/,view-source:https://www.linkedin.com/in/dan-ross-61144b27/,
96,https://www.linkedin.com/in/danrubins/,view-source:https://www.linkedin.com/in/danrubins/,
97,https://www.linkedin.com/in/danielfrimer/,view-source:https://www.linkedin.com/in/danielfrimer/,
98,https://www.linkedin.com/in/dave-porter-6397b211/,view-source:https://www.linkedin.com/in/dave-porter-6397b211/,
99,https://www.linkedin.com/in/david-chan-12289a25/,view-source:https://www.linkedin.com/in/david-chan-12289a25/,
100,https://www.linkedin.com/in/daviddiviny/,view-source:https://www.linkedin.com/in/daviddiviny/,
101,https://www.linkedin.com/in/david-espinola-torrent-8a83625/,view-source:https://www.linkedin.com/in/david-espinola-torrent-8a83625/,
102,https://www.linkedin.com/in/davelanger/,view-source:https://www.linkedin.com/in/davelanger/,
103,https://www.linkedin.com/in/davidmlindley/,view-source:https://www.linkedin.com/in/davidmlindley/,
104,https://www.linkedin.com/in/david-poon-7563977/,view-source:https://www.linkedin.com/in/david-poon-7563977/,
105,https://www.linkedin.com/in/david-simler-823bb318/,view-source:https://www.linkedin.com/in/david-simler-823bb318/,
106,https://www.linkedin.com/in/davidatorres/,view-source:https://www.linkedin.com/in/davidatorres/,
107,https://www.linkedin.com/in/dwechslerstl/,view-source:https://www.linkedin.com/in/dwechslerstl/,
108,https://www.linkedin.com/in/Not Found/,view-source:https://www.linkedin.com/in/Not Found/,
109,https://www.linkedin.com/in/deepak-upadhyay-699b4349/,view-source:https://www.linkedin.com/in/deepak-upadhyay-699b4349/,
110,https://www.linkedin.com/in/deepanand-roy-3391781/,view-source:https://www.linkedin.com/in/deepanand-roy-3391781/,
111,https://www.linkedin.com/in/deniseneylon/,view-source:https://www.linkedin.com/in/deniseneylon/,
112,https://www.linkedin.com/in/dennis-still-244a9839/,view-source:https://www.linkedin.com/in/dennis-still-244a9839/,
113,https://www.linkedin.com/in/dimitris-papadopoulos-63322a107/,view-source:https://www.linkedin.com/in/dimitris-papadopoulos-63322a107/,
114,https://www.linkedin.com/in/carrolldj/,view-source:https://www.linkedin.com/in/carrolldj/,
115,https://www.linkedin.com/in/dr-jenna-butler-44209a3b/,view-source:https://www.linkedin.com/in/dr-jenna-butler-44209a3b/,
116,https://www.linkedin.com/in/dr-taiwo-ajani-94795a11/,view-source:https://www.linkedin.com/in/dr-taiwo-ajani-94795a11/,
117,https://www.linkedin.com/in/dustin-cox-12623a4/,view-source:https://www.linkedin.com/in/dustin-cox-12623a4/,
118,https://www.linkedin.com/in/ebru-sengul-376b993/,view-source:https://www.linkedin.com/in/ebru-sengul-376b993/,
119,https://www.linkedin.com/in/edcastaneda/,view-source:https://www.linkedin.com/in/edcastaneda/,
120,https://www.linkedin.com/in/eduardoestima/,view-source:https://www.linkedin.com/in/eduardoestima/,
121,https://www.linkedin.com/in/ee-wa-tan-41251625/,view-source:https://www.linkedin.com/in/ee-wa-tan-41251625/,
122,https://www.linkedin.com/in/eponkratova/,view-source:https://www.linkedin.com/in/eponkratova/,
123,https://www.linkedin.com/in/Not Found/,view-source:https://www.linkedin.com/in/Not Found/,
124,https://www.linkedin.com/in/ema00/,view-source:https://www.linkedin.com/in/ema00/,
125,https://www.linkedin.com/in/Not Found/,view-source:https://www.linkedin.com/in/Not Found/,
126,https://www.linkedin.com/in/esamson33/,view-source:https://www.linkedin.com/in/esamson33/,
127,https://www.linkedin.com/in/hirscheran/,view-source:https://www.linkedin.com/in/hirscheran/,
128,https://www.linkedin.com/in/eugenekogan/,view-source:https://www.linkedin.com/in/eugenekogan/,
129,https://www.linkedin.com/in/eugenemotoyama/,view-source:https://www.linkedin.com/in/eugenemotoyama/,
130,https://www.linkedin.com/in/eunicewylo/,view-source:https://www.linkedin.com/in/eunicewylo/,
131,https://www.linkedin.com/in/eytanbensoussan/,view-source:https://www.linkedin.com/in/eytanbensoussan/,
132,https://www.linkedin.com/in/fabriciofontes/,view-source:https://www.linkedin.com/in/fabriciofontes/,
133,https://www.linkedin.com/in/Not Found/,view-source:https://www.linkedin.com/in/Not Found/,
134,https://www.linkedin.com/in/floorwijnen/,view-source:https://www.linkedin.com/in/floorwijnen/,
135,https://www.linkedin.com/in/francesjiang/,view-source:https://www.linkedin.com/in/francesjiang/,
136,https://www.linkedin.com/in/frisoluinenburg/,view-source:https://www.linkedin.com/in/frisoluinenburg/,
137,https://www.linkedin.com/in/ganeshbala123/,view-source:https://www.linkedin.com/in/ganeshbala123/,
138,https://www.linkedin.com/in/ganesh-meenakshisundaram-52a0167/,view-source:https://www.linkedin.com/in/ganesh-meenakshisundaram-52a0167/,
139,https://www.linkedin.com/in/garynguyenseattle/,view-source:https://www.linkedin.com/in/garynguyenseattle/,
140,https://www.linkedin.com/in/gautamreddy/,view-source:https://www.linkedin.com/in/gautamreddy/,
141,https://www.linkedin.com/in/geilerhidalgo/,view-source:https://www.linkedin.com/in/geilerhidalgo/,
142,https://www.linkedin.com/in/GeorgeTrammell/,view-source:https://www.linkedin.com/in/GeorgeTrammell/,
143,https://www.linkedin.com/in/gianluca-longoni-4596b644/,view-source:https://www.linkedin.com/in/gianluca-longoni-4596b644/,
144,https://www.linkedin.com/in/ginagaley/,view-source:https://www.linkedin.com/in/ginagaley/,
145,https://www.linkedin.com/in/gopal-santhanaraman-3602892/,view-source:https://www.linkedin.com/in/gopal-santhanaraman-3602892/,
146,https://www.linkedin.com/in/Not Found/,view-source:https://www.linkedin.com/in/Not Found/,
147,https://www.linkedin.com/in/guberan-dhayalan-95b02a121/,view-source:https://www.linkedin.com/in/guberan-dhayalan-95b02a121/,
148,https://www.linkedin.com/in/Not Found/,view-source:https://www.linkedin.com/in/Not Found/,
149,https://www.linkedin.com/in/gunjan-kaur-4abb29126/,view-source:https://www.linkedin.com/in/gunjan-kaur-4abb29126/,
150,https://www.linkedin.com/in/gurneet-jodhka-72ab24/,view-source:https://www.linkedin.com/in/gurneet-jodhka-72ab24/,
151,https://www.linkedin.com/in/gyanjadal/,view-source:https://www.linkedin.com/in/gyanjadal/,
152,https://www.linkedin.com/in/hamrara/,view-source:https://www.linkedin.com/in/hamrara/,
153,https://www.linkedin.com/in/hania-el-ayoubi-527a5421/,view-source:https://www.linkedin.com/in/hania-el-ayoubi-527a5421/,
154,https://www.linkedin.com/in/hannah-noriko-richta-482a18109/,view-source:https://www.linkedin.com/in/hannah-noriko-richta-482a18109/,
155,https://www.linkedin.com/in/hans-dekker-3799406/,view-source:https://www.linkedin.com/in/hans-dekker-3799406/,
156,https://www.linkedin.com/in/hmayr/,view-source:https://www.linkedin.com/in/hmayr/,
157,https://www.linkedin.com/in/harinikannan/,view-source:https://www.linkedin.com/in/harinikannan/,
158,https://www.linkedin.com/in/harm-bons-9663a618/,view-source:https://www.linkedin.com/in/harm-bons-9663a618/,
159,https://www.linkedin.com/in/hassanac/,view-source:https://www.linkedin.com/in/hassanac/,
160,https://www.linkedin.com/in/hmharris/,view-source:https://www.linkedin.com/in/hmharris/,
161,https://www.linkedin.com/in/hmunderwood/,view-source:https://www.linkedin.com/in/hmunderwood/,
162,https://www.linkedin.com/in/herman-william-a395714/,view-source:https://www.linkedin.com/in/herman-william-a395714/,
163,https://www.linkedin.com/in/hiroyuki-gohara-8bb512104/,view-source:https://www.linkedin.com/in/hiroyuki-gohara-8bb512104/,
164,https://www.linkedin.com/in/howard-swerdfeger-ba4469112/,view-source:https://www.linkedin.com/in/howard-swerdfeger-ba4469112/,
165,https://www.linkedin.com/in/humberto-hernandez-pantoja-49a14a13/,view-source:https://www.linkedin.com/in/humberto-hernandez-pantoja-49a14a13/,
166,https://www.linkedin.com/in/hussein-nijem-509a7986/,view-source:https://www.linkedin.com/in/hussein-nijem-509a7986/,
167,https://www.linkedin.com/in/ibrahim-maali-49144813/,view-source:https://www.linkedin.com/in/ibrahim-maali-49144813/,
168,https://www.linkedin.com/in/mikhalev/,view-source:https://www.linkedin.com/in/mikhalev/,
169,https://www.linkedin.com/in/ilker-carikcioglu-a29985/,view-source:https://www.linkedin.com/in/ilker-carikcioglu-a29985/,
170,https://www.linkedin.com/in/Not Found/,view-source:https://www.linkedin.com/in/Not Found/,
171,https://www.linkedin.com/in/indira-dhingra-ab72674/,view-source:https://www.linkedin.com/in/indira-dhingra-ab72674/,
172,https://www.linkedin.com/in/isanz/,view-source:https://www.linkedin.com/in/isanz/,
173,https://www.linkedin.com/in/jaclyn-harwood-03a90445/,view-source:https://www.linkedin.com/in/jaclyn-harwood-03a90445/,
174,https://www.linkedin.com/in/jaichitrajcbalakrishnan/,view-source:https://www.linkedin.com/in/jaichitrajcbalakrishnan/,
175,https://www.linkedin.com/in/jan-venema-09a65618/,view-source:https://www.linkedin.com/in/jan-venema-09a65618/,
176,https://www.linkedin.com/in/jasminapatel/,view-source:https://www.linkedin.com/in/jasminapatel/,
177,https://www.linkedin.com/in/Not Found/,view-source:https://www.linkedin.com/in/Not Found/,
178,https://www.linkedin.com/in/bakerjasond/,view-source:https://www.linkedin.com/in/bakerjasond/,
179,https://www.linkedin.com/in/Not Found/,view-source:https://www.linkedin.com/in/Not Found/,
180,https://www.linkedin.com/in/jennifer-mead-35b1a5/,view-source:https://www.linkedin.com/in/jennifer-mead-35b1a5/,
181,https://www.linkedin.com/in/jeremyborne/,view-source:https://www.linkedin.com/in/jeremyborne/,
182,https://www.linkedin.com/in/jeromeahye/,view-source:https://www.linkedin.com/in/jeromeahye/,
183,https://www.linkedin.com/in/Not Found/,view-source:https://www.linkedin.com/in/Not Found/,
184,https://www.linkedin.com/in/jessica-streeter-9053a630/,view-source:https://www.linkedin.com/in/jessica-streeter-9053a630/,
185,https://www.linkedin.com/in/jia-hua-chang-425793a4/,view-source:https://www.linkedin.com/in/jia-hua-chang-425793a4/,
186,https://www.linkedin.com/in/jim-hill-b712861/,view-source:https://www.linkedin.com/in/jim-hill-b712861/,
187,https://www.linkedin.com/in/jitendra-kulshreshtha-ba90981/,view-source:https://www.linkedin.com/in/jitendra-kulshreshtha-ba90981/,
188,https://www.linkedin.com/in/jsmudhol/,view-source:https://www.linkedin.com/in/jsmudhol/,
189,https://www.linkedin.com/in/jo-cunningham-2837126/,view-source:https://www.linkedin.com/in/jo-cunningham-2837126/,
190,https://www.linkedin.com/in/Not Found/,view-source:https://www.linkedin.com/in/Not Found/,
191,https://www.linkedin.com/in/jlvengo/,view-source:https://www.linkedin.com/in/jlvengo/,
192,https://www.linkedin.com/in/joeripansaerts/,view-source:https://www.linkedin.com/in/joeripansaerts/,
193,https://www.linkedin.com/in/j-pocahontas-olson-8618733b/,view-source:https://www.linkedin.com/in/j-pocahontas-olson-8618733b/,
194,https://www.linkedin.com/in/johnabever/,view-source:https://www.linkedin.com/in/johnabever/,
195,https://www.linkedin.com/in/johnfranko/,view-source:https://www.linkedin.com/in/johnfranko/,
196,https://www.linkedin.com/in/john-herbert-a83312/,view-source:https://www.linkedin.com/in/john-herbert-a83312/,
197,https://www.linkedin.com/in/jon-butler-3851778/,view-source:https://www.linkedin.com/in/jon-butler-3851778/,
198,https://www.linkedin.com/in/Not Found/,view-source:https://www.linkedin.com/in/Not Found/,
199,https://www.linkedin.com/in/jörg-eitner-84221471/,view-source:https://www.linkedin.com/in/jörg-eitner-84221471/,
200,https://www.linkedin.com/in/Not Found/,view-source:https://www.linkedin.com/in/Not Found/,
201,https://www.linkedin.com/in/josé-de-jesús-stuart-plascencia-b09ab767/,view-source:https://www.linkedin.com/in/josé-de-jesús-stuart-plascencia-b09ab767/,
202,https://www.linkedin.com/in/joseepoirier/,view-source:https://www.linkedin.com/in/joseepoirier/,
203,https://www.linkedin.com/in/joseph-juhn-134692a2/,view-source:https://www.linkedin.com/in/joseph-juhn-134692a2/,
204,https://www.linkedin.com/in/josh-newkirk-b290a3b2/,view-source:https://www.linkedin.com/in/josh-newkirk-b290a3b2/,
205,https://www.linkedin.com/in/Not Found/,view-source:https://www.linkedin.com/in/Not Found/,
206,https://www.linkedin.com/in/josiane-dufour-9088a440/,view-source:https://www.linkedin.com/in/josiane-dufour-9088a440/,
207,https://www.linkedin.com/in/joyjeetm/,view-source:https://www.linkedin.com/in/joyjeetm/,
208,https://www.linkedin.com/in/alonsocaunedo/,view-source:https://www.linkedin.com/in/alonsocaunedo/,
209,https://www.linkedin.com/in/jlbuenosvinos/,view-source:https://www.linkedin.com/in/jlbuenosvinos/,
210,https://www.linkedin.com/in/julianavarnumcarvalho/,view-source:https://www.linkedin.com/in/julianavarnumcarvalho/,
211,https://www.linkedin.com/in/Not Found/,view-source:https://www.linkedin.com/in/Not Found/,
212,https://www.linkedin.com/in/jussikajala/,view-source:https://www.linkedin.com/in/jussikajala/,
213,https://www.linkedin.com/in/justin-wong-7a216065/,view-source:https://www.linkedin.com/in/justin-wong-7a216065/,
214,https://www.linkedin.com/in/jyotsna-panwar-aa699433/,view-source:https://www.linkedin.com/in/jyotsna-panwar-aa699433/,
215,https://www.linkedin.com/in/kalpana-garg-a94a596/,view-source:https://www.linkedin.com/in/kalpana-garg-a94a596/,
216,https://www.linkedin.com/in/kapal-bahri-4b58146/,view-source:https://www.linkedin.com/in/kapal-bahri-4b58146/,
217,https://www.linkedin.com/in/karenchoi/,view-source:https://www.linkedin.com/in/karenchoi/,
218,https://www.linkedin.com/in/Not Found/,view-source:https://www.linkedin.com/in/Not Found/,
219,https://www.linkedin.com/in/kat-bolla-b4a24710/,view-source:https://www.linkedin.com/in/kat-bolla-b4a24710/,
220,https://www.linkedin.com/in/katherine-olson-9ab92b4/,view-source:https://www.linkedin.com/in/katherine-olson-9ab92b4/,
221,https://www.linkedin.com/in/kavitha-balasubramanian-a480485/,view-source:https://www.linkedin.com/in/kavitha-balasubramanian-a480485/,
222,https://www.linkedin.com/in/kavya-george-81152950/,view-source:https://www.linkedin.com/in/kavya-george-81152950/,
223,https://www.linkedin.com/in/kevin-hillaker-b1739288/,view-source:https://www.linkedin.com/in/kevin-hillaker-b1739288/,
224,https://www.linkedin.com/in/kevinkr/,view-source:https://www.linkedin.com/in/kevinkr/,
225,https://www.linkedin.com/in/kevin-shih-ku-yang-7948974a/,view-source:https://www.linkedin.com/in/kevin-shih-ku-yang-7948974a/,
226,https://www.linkedin.com/in/kian-chai-loh-4772b021/,view-source:https://www.linkedin.com/in/kian-chai-loh-4772b021/,
227,https://www.linkedin.com/in/kkitase/,view-source:https://www.linkedin.com/in/kkitase/,
228,https://www.linkedin.com/in/kinshuk-srivastava-a124a116/,view-source:https://www.linkedin.com/in/kinshuk-srivastava-a124a116/,
229,https://www.linkedin.com/in/Not Found/,view-source:https://www.linkedin.com/in/Not Found/,
230,https://www.linkedin.com/in/krishnachaitanyas/,view-source:https://www.linkedin.com/in/krishnachaitanyas/,
231,https://www.linkedin.com/in/krishnakota/,view-source:https://www.linkedin.com/in/krishnakota/,
232,https://www.linkedin.com/in/lance-milner-05855711b/,view-source:https://www.linkedin.com/in/lance-milner-05855711b/,
233,https://www.linkedin.com/in/lars-mohr-3ba2335/,view-source:https://www.linkedin.com/in/lars-mohr-3ba2335/,
234,https://www.linkedin.com/in/laurel-nichols-51680339/,view-source:https://www.linkedin.com/in/laurel-nichols-51680339/,
235,https://www.linkedin.com/in/laurencharlessmith/,view-source:https://www.linkedin.com/in/laurencharlessmith/,
236,https://www.linkedin.com/in/leah-tomblin-46a60b60/,view-source:https://www.linkedin.com/in/leah-tomblin-46a60b60/,
237,https://www.linkedin.com/in/leon-ross-96b0633a/,view-source:https://www.linkedin.com/in/leon-ross-96b0633a/,
238,https://www.linkedin.com/in/linfanli/,view-source:https://www.linkedin.com/in/linfanli/,
239,https://www.linkedin.com/in/lledó-museros-b6a49619/,view-source:https://www.linkedin.com/in/lledó-museros-b6a49619/,
240,https://www.linkedin.com/in/lukepritchard/,view-source:https://www.linkedin.com/in/lukepritchard/,
241,https://www.linkedin.com/in/Not Found/,view-source:https://www.linkedin.com/in/Not Found/,
242,https://www.linkedin.com/in/malisah-fay-5270143/,view-source:https://www.linkedin.com/in/malisah-fay-5270143/,
243,https://www.linkedin.com/in/manash/,view-source:https://www.linkedin.com/in/manash/,
244,https://www.linkedin.com/in/manishkg1/,view-source:https://www.linkedin.com/in/manishkg1/,
245,https://www.linkedin.com/in/manuelberonilla/,view-source:https://www.linkedin.com/in/manuelberonilla/,
246,https://www.linkedin.com/in/mrozelle/,view-source:https://www.linkedin.com/in/mrozelle/,
247,https://www.linkedin.com/in/Not Found/,view-source:https://www.linkedin.com/in/Not Found/,
248,https://www.linkedin.com/in/azambuja/,view-source:https://www.linkedin.com/in/azambuja/,
249,https://www.linkedin.com/in/marciofernandes1/,view-source:https://www.linkedin.com/in/marciofernandes1/,
250,https://www.linkedin.com/in/msugar/,view-source:https://www.linkedin.com/in/msugar/,
251,https://www.linkedin.com/in/marcowiggelinkhuizen/,view-source:https://www.linkedin.com/in/marcowiggelinkhuizen/,
252,https://www.linkedin.com/in/marianaesteves/,view-source:https://www.linkedin.com/in/marianaesteves/,
253,https://www.linkedin.com/in/markerubin/,view-source:https://www.linkedin.com/in/markerubin/,
254,https://www.linkedin.com/in/marko-topalovic-8145a710/,view-source:https://www.linkedin.com/in/marko-topalovic-8145a710/,
255,https://www.linkedin.com/in/maxmoro/,view-source:https://www.linkedin.com/in/maxmoro/,
256,https://www.linkedin.com/in/matt-digel-9598bb30/,view-source:https://www.linkedin.com/in/matt-digel-9598bb30/,
257,https://www.linkedin.com/in/matt-rarity-b9b301b/,view-source:https://www.linkedin.com/in/matt-rarity-b9b301b/,
258,https://www.linkedin.com/in/matthew-sattler-879a6258/,view-source:https://www.linkedin.com/in/matthew-sattler-879a6258/,
259,https://www.linkedin.com/in/matthewjeremywright/,view-source:https://www.linkedin.com/in/matthewjeremywright/,
260,https://www.linkedin.com/in/maximilian-ambros-66576156/,view-source:https://www.linkedin.com/in/maximilian-ambros-66576156/,
261,https://www.linkedin.com/in/sureshmeghna/,view-source:https://www.linkedin.com/in/sureshmeghna/,
262,https://www.linkedin.com/in/mercia-wijaya-38123151/,view-source:https://www.linkedin.com/in/mercia-wijaya-38123151/,
263,https://www.linkedin.com/in/mesantdev/,view-source:https://www.linkedin.com/in/mesantdev/,
264,https://www.linkedin.com/in/michael-atlin-64a45570/,view-source:https://www.linkedin.com/in/michael-atlin-64a45570/,
265,https://www.linkedin.com/in/Not Found/,view-source:https://www.linkedin.com/in/Not Found/,
266,https://www.linkedin.com/in/michael-carraz-79a8765/,view-source:https://www.linkedin.com/in/michael-carraz-79a8765/,
267,https://www.linkedin.com/in/michael-copeland-536b5b37/,view-source:https://www.linkedin.com/in/michael-copeland-536b5b37/,
268,https://www.linkedin.com/in/michael-dandrea-mba-0110062a/,view-source:https://www.linkedin.com/in/michael-dandrea-mba-0110062a/,
269,https://www.linkedin.com/in/mtisaac/,view-source:https://www.linkedin.com/in/mtisaac/,
270,https://www.linkedin.com/in/michael-loehlein-65bb5381/,view-source:https://www.linkedin.com/in/michael-loehlein-65bb5381/,
271,https://www.linkedin.com/in/michaelmagnan/,view-source:https://www.linkedin.com/in/michaelmagnan/,
272,https://www.linkedin.com/in/magnanimichael/,view-source:https://www.linkedin.com/in/magnanimichael/,
273,https://www.linkedin.com/in/michael-reinhardt-7814018/,view-source:https://www.linkedin.com/in/michael-reinhardt-7814018/,
274,https://www.linkedin.com/in/michaelsikkema/,view-source:https://www.linkedin.com/in/michaelsikkema/,
275,https://www.linkedin.com/in/michael-slawinski-97281417/,view-source:https://www.linkedin.com/in/michael-slawinski-97281417/,
276,https://www.linkedin.com/in/Not Found/,view-source:https://www.linkedin.com/in/Not Found/,
277,https://www.linkedin.com/in/michael-tan-920a037/,view-source:https://www.linkedin.com/in/michael-tan-920a037/,
278,https://www.linkedin.com/in/michaeljzucker/,view-source:https://www.linkedin.com/in/michaeljzucker/,
279,https://www.linkedin.com/in/miguel-angel-barros-3058404b/,view-source:https://www.linkedin.com/in/miguel-angel-barros-3058404b/,
280,https://www.linkedin.com/in/mihirkanojia/,view-source:https://www.linkedin.com/in/mihirkanojia/,
281,https://www.linkedin.com/in/min-lin-4833538b/,view-source:https://www.linkedin.com/in/min-lin-4833538b/,
282,https://www.linkedin.com/in/mjmontgomery/,view-source:https://www.linkedin.com/in/mjmontgomery/,
283,https://www.linkedin.com/in/miwa-hattori-b3032085/,view-source:https://www.linkedin.com/in/miwa-hattori-b3032085/,
284,https://www.linkedin.com/in/mohamed-almoghalis/,view-source:https://www.linkedin.com/in/mohamed-almoghalis/,
285,https://www.linkedin.com/in/mohamed-ibrahim-osman-69769048/,view-source:https://www.linkedin.com/in/mohamed-ibrahim-osman-69769048/,
286,https://www.linkedin.com/in/mohammad-evazi-yadecuri-2ab79021/,view-source:https://www.linkedin.com/in/mohammad-evazi-yadecuri-2ab79021/,
287,https://www.linkedin.com/in/moisesribeiro/,view-source:https://www.linkedin.com/in/moisesribeiro/,
288,https://www.linkedin.com/in/monalamdeslippe/,view-source:https://www.linkedin.com/in/monalamdeslippe/,
289,https://www.linkedin.com/in/mortenbadensoe/,view-source:https://www.linkedin.com/in/mortenbadensoe/,
290,https://www.linkedin.com/in/mortez-litkoohi-91869155/,view-source:https://www.linkedin.com/in/mortez-litkoohi-91869155/,
291,https://www.linkedin.com/in/muddsarjamil/,view-source:https://www.linkedin.com/in/muddsarjamil/,
292,https://www.linkedin.com/in/muhammad-najeeb-khan-6719105/,view-source:https://www.linkedin.com/in/muhammad-najeeb-khan-6719105/,
293,https://www.linkedin.com/in/munawar-hussain-6258027/,view-source:https://www.linkedin.com/in/munawar-hussain-6258027/,
294,https://www.linkedin.com/in/mustafa-arif-2855ba48/,view-source:https://www.linkedin.com/in/mustafa-arif-2855ba48/,
295,https://www.linkedin.com/in/myrelle-berena-385aa035/,view-source:https://www.linkedin.com/in/myrelle-berena-385aa035/,
296,https://www.linkedin.com/in/nalina-varanasi-6833968/,view-source:https://www.linkedin.com/in/nalina-varanasi-6833968/,
297,https://www.linkedin.com/in/natalie-caciagli-warman-15670930/,view-source:https://www.linkedin.com/in/natalie-caciagli-warman-15670930/,
298,https://www.linkedin.com/in/natalie-torosyan-901856ba/,view-source:https://www.linkedin.com/in/natalie-torosyan-901856ba/,
299,https://www.linkedin.com/in/natarajan-karthik-5b49932/,view-source:https://www.linkedin.com/in/natarajan-karthik-5b49932/,
300,https://www.linkedin.com/in/nwollkind/,view-source:https://www.linkedin.com/in/nwollkind/,
301,https://www.linkedin.com/in/naveenchanderkalyan/,view-source:https://www.linkedin.com/in/naveenchanderkalyan/,
302,https://www.linkedin.com/in/nazreebakar/,view-source:https://www.linkedin.com/in/nazreebakar/,
303,https://www.linkedin.com/in/netahaiby/,view-source:https://www.linkedin.com/in/netahaiby/,
304,https://www.linkedin.com/in/newtonf/,view-source:https://www.linkedin.com/in/newtonf/,
305,https://www.linkedin.com/in/ng-kok-keong-a098b11b/,view-source:https://www.linkedin.com/in/ng-kok-keong-a098b11b/,
306,https://www.linkedin.com/in/Not Found/,view-source:https://www.linkedin.com/in/Not Found/,
307,https://www.linkedin.com/in/nicole-allen-590a991/,view-source:https://www.linkedin.com/in/nicole-allen-590a991/,
308,https://www.linkedin.com/in/niklaspatrickandersson/,view-source:https://www.linkedin.com/in/niklaspatrickandersson/,
309,https://www.linkedin.com/in/nilesh-karia-6713331/,view-source:https://www.linkedin.com/in/nilesh-karia-6713331/,
310,https://www.linkedin.com/in/nirnaybansal/,view-source:https://www.linkedin.com/in/nirnaybansal/,
311,https://www.linkedin.com/in/noahburbank/,view-source:https://www.linkedin.com/in/noahburbank/,
312,https://www.linkedin.com/in/nomitapaul/,view-source:https://www.linkedin.com/in/nomitapaul/,
313,https://www.linkedin.com/in/olabanjim/,view-source:https://www.linkedin.com/in/olabanjim/,
314,https://www.linkedin.com/in/olufemi-adeluyi-3b128120/,view-source:https://www.linkedin.com/in/olufemi-adeluyi-3b128120/,
315,https://www.linkedin.com/in/Not Found/,view-source:https://www.linkedin.com/in/Not Found/,
316,https://www.linkedin.com/in/pablofleurquin/,view-source:https://www.linkedin.com/in/pablofleurquin/,
317,https://www.linkedin.com/in/pandu/,view-source:https://www.linkedin.com/in/pandu/,
318,https://www.linkedin.com/in/parvizpeiravi/,view-source:https://www.linkedin.com/in/parvizpeiravi/,
319,https://www.linkedin.com/in/pattyryan/,view-source:https://www.linkedin.com/in/pattyryan/,
320,https://www.linkedin.com/in/paul-clarke-5792221b/,view-source:https://www.linkedin.com/in/paul-clarke-5792221b/,
321,https://www.linkedin.com/in/paulettemckay/,view-source:https://www.linkedin.com/in/paulettemckay/,
322,https://www.linkedin.com/in/peter-mowitt-jr-721258a4/,view-source:https://www.linkedin.com/in/peter-mowitt-jr-721258a4/,
323,https://www.linkedin.com/in/peterschols/,view-source:https://www.linkedin.com/in/peterschols/,
324,https://www.linkedin.com/in/phil-mun-22452953/,view-source:https://www.linkedin.com/in/phil-mun-22452953/,
325,https://www.linkedin.com/in/pierlorenzoparacchini/,view-source:https://www.linkedin.com/in/pierlorenzoparacchini/,
326,https://www.linkedin.com/in/pietermarres/,view-source:https://www.linkedin.com/in/pietermarres/,
327,https://www.linkedin.com/in/walaszekpiotr/,view-source:https://www.linkedin.com/in/walaszekpiotr/,
328,https://www.linkedin.com/in/prabakarmoorthy/,view-source:https://www.linkedin.com/in/prabakarmoorthy/,
329,https://www.linkedin.com/in/prabhu-jayaraman-b875a36/,view-source:https://www.linkedin.com/in/prabhu-jayaraman-b875a36/,
330,https://www.linkedin.com/in/prachishetye/,view-source:https://www.linkedin.com/in/prachishetye/,
331,https://www.linkedin.com/in/prakashdaftari/,view-source:https://www.linkedin.com/in/prakashdaftari/,
332,https://www.linkedin.com/in/prashant-kale-1991a2103/,view-source:https://www.linkedin.com/in/prashant-kale-1991a2103/,
333,https://www.linkedin.com/in/prashant-padmanabhan-6b117b6/,view-source:https://www.linkedin.com/in/prashant-padmanabhan-6b117b6/,
334,https://www.linkedin.com/in/praveen-krishnan-8330071b/,view-source:https://www.linkedin.com/in/praveen-krishnan-8330071b/,
335,https://www.linkedin.com/in/Not Found/,view-source:https://www.linkedin.com/in/Not Found/,
336,https://www.linkedin.com/in/priyan-fernando-a2a525b2/,view-source:https://www.linkedin.com/in/priyan-fernando-a2a525b2/,
337,https://www.linkedin.com/in/puja-sehgal-3a94ba7/,view-source:https://www.linkedin.com/in/puja-sehgal-3a94ba7/,
338,https://www.linkedin.com/in/rachel-nord-211a523/,view-source:https://www.linkedin.com/in/rachel-nord-211a523/,
339,https://www.linkedin.com/in/rafael-pena-24269251/,view-source:https://www.linkedin.com/in/rafael-pena-24269251/,
340,https://www.linkedin.com/in/raj-kulkarni-a3b13a2/,view-source:https://www.linkedin.com/in/raj-kulkarni-a3b13a2/,
341,https://www.linkedin.com/in/rajesh-patil-37684a3/,view-source:https://www.linkedin.com/in/rajesh-patil-37684a3/,
342,https://www.linkedin.com/in/rajendra-bharmappa-2a15303/,view-source:https://www.linkedin.com/in/rajendra-bharmappa-2a15303/,
343,https://www.linkedin.com/in/rajesh-patil-702a373/,view-source:https://www.linkedin.com/in/rajesh-patil-702a373/,
344,https://www.linkedin.com/in/raji-easwaran-b0b537/,view-source:https://www.linkedin.com/in/raji-easwaran-b0b537/,
345,https://www.linkedin.com/in/ralphvanderwekke/,view-source:https://www.linkedin.com/in/ralphvanderwekke/,
346,https://www.linkedin.com/in/rameez-sajwani-388610/,view-source:https://www.linkedin.com/in/rameez-sajwani-388610/,
347,https://www.linkedin.com/in/randy-howard-ph-d-pmp-csm-678ba77/,view-source:https://www.linkedin.com/in/randy-howard-ph-d-pmp-csm-678ba77/,
348,https://www.linkedin.com/in/raphael-almeida-ba3820a5/,view-source:https://www.linkedin.com/in/raphael-almeida-ba3820a5/,
349,https://www.linkedin.com/in/ravi-botla-0195271/,view-source:https://www.linkedin.com/in/ravi-botla-0195271/,
350,https://www.linkedin.com/in/rayvega/,view-source:https://www.linkedin.com/in/rayvega/,
351,https://www.linkedin.com/in/razaulmustafa/,view-source:https://www.linkedin.com/in/razaulmustafa/,
352,https://www.linkedin.com/in/rebecca-chapman/,view-source:https://www.linkedin.com/in/rebecca-chapman/,
353,https://www.linkedin.com/in/rebecca-merrett-0842683a/,view-source:https://www.linkedin.com/in/rebecca-merrett-0842683a/,
354,https://www.linkedin.com/in/reena-lukose-97a95530/,view-source:https://www.linkedin.com/in/reena-lukose-97a95530/,
355,https://www.linkedin.com/in/siddiquirehan/,view-source:https://www.linkedin.com/in/siddiquirehan/,
356,https://www.linkedin.com/in/rendonsabina/,view-source:https://www.linkedin.com/in/rendonsabina/,
357,https://www.linkedin.com/in/renegar/,view-source:https://www.linkedin.com/in/renegar/,
358,https://www.linkedin.com/in/reynaldo-corral-a6a26229/,view-source:https://www.linkedin.com/in/reynaldo-corral-a6a26229/,
359,https://www.linkedin.com/in/ljhou/,view-source:https://www.linkedin.com/in/ljhou/,
360,https://www.linkedin.com/in/andersonrichardm/,view-source:https://www.linkedin.com/in/andersonrichardm/,
361,https://www.linkedin.com/in/risdiantoirawan/,view-source:https://www.linkedin.com/in/risdiantoirawan/,
362,https://www.linkedin.com/in/ristohinno/,view-source:https://www.linkedin.com/in/ristohinno/,
363,https://www.linkedin.com/in/robinpenfold/,view-source:https://www.linkedin.com/in/robinpenfold/,
364,https://www.linkedin.com/in/rodrigocaeirogonzalez/,view-source:https://www.linkedin.com/in/rodrigocaeirogonzalez/,
365,https://www.linkedin.com/in/rohitmallya/,view-source:https://www.linkedin.com/in/rohitmallya/,
366,https://www.linkedin.com/in/roman-golovin-8920013/,view-source:https://www.linkedin.com/in/roman-golovin-8920013/,
367,https://www.linkedin.com/in/ryan-demartino-9483538/,view-source:https://www.linkedin.com/in/ryan-demartino-9483538/,
368,https://www.linkedin.com/in/ryanlabrie/,view-source:https://www.linkedin.com/in/ryanlabrie/,
369,https://www.linkedin.com/in/saadvirtus/,view-source:https://www.linkedin.com/in/saadvirtus/,
370,https://www.linkedin.com/in/sabrina-relaix-a872b930/,view-source:https://www.linkedin.com/in/sabrina-relaix-a872b930/,
371,https://www.linkedin.com/in/sakthik/,view-source:https://www.linkedin.com/in/sakthik/,
372,https://www.linkedin.com/in/samkoshy/,view-source:https://www.linkedin.com/in/samkoshy/,
373,https://www.linkedin.com/in/sana-salman-3917b620/,view-source:https://www.linkedin.com/in/sana-salman-3917b620/,
374,https://www.linkedin.com/in/sandeepraichura/,view-source:https://www.linkedin.com/in/sandeepraichura/,
375,https://www.linkedin.com/in/sanjay-prithiani-36243aa9/,view-source:https://www.linkedin.com/in/sanjay-prithiani-36243aa9/,
376,https://www.linkedin.com/in/sanjayapadhi/,view-source:https://www.linkedin.com/in/sanjayapadhi/,
377,https://www.linkedin.com/in/sannekalkman/,view-source:https://www.linkedin.com/in/sannekalkman/,
378,https://www.linkedin.com/in/santhosh-nellutla-17b21b14/,view-source:https://www.linkedin.com/in/santhosh-nellutla-17b21b14/,
379,https://www.linkedin.com/in/santoshr/,view-source:https://www.linkedin.com/in/santoshr/,
380,https://www.linkedin.com/in/sarada-kasivajjula-2a767112/,view-source:https://www.linkedin.com/in/sarada-kasivajjula-2a767112/,
381,https://www.linkedin.com/in/saravana-kanniah-a927488/,view-source:https://www.linkedin.com/in/saravana-kanniah-a927488/,
382,https://www.linkedin.com/in/sathishraok/,view-source:https://www.linkedin.com/in/sathishraok/,
383,https://www.linkedin.com/in/saurabh-agrawal-2462154/,view-source:https://www.linkedin.com/in/saurabh-agrawal-2462154/,
384,https://www.linkedin.com/in/srking/,view-source:https://www.linkedin.com/in/srking/,
385,https://www.linkedin.com/in/Not Found/,view-source:https://www.linkedin.com/in/Not Found/,
386,https://www.linkedin.com/in/sebastian-d-goodfellow-a4257841/,view-source:https://www.linkedin.com/in/sebastian-d-goodfellow-a4257841/,
387,https://www.linkedin.com/in/sema-ustuntas-86b7b1117/,view-source:https://www.linkedin.com/in/sema-ustuntas-86b7b1117/,
388,https://www.linkedin.com/in/sergio-jimenez-benito-1abab320/,view-source:https://www.linkedin.com/in/sergio-jimenez-benito-1abab320/,
389,https://www.linkedin.com/in/seth-mcdonald-25190011/,view-source:https://www.linkedin.com/in/seth-mcdonald-25190011/,
390,https://www.linkedin.com/in/shaena-montanari-31803065/,view-source:https://www.linkedin.com/in/shaena-montanari-31803065/,
391,https://www.linkedin.com/in/shahbaz-ali-jamote-68a72a2/,view-source:https://www.linkedin.com/in/shahbaz-ali-jamote-68a72a2/,
392,https://www.linkedin.com/in/shanepatton/,view-source:https://www.linkedin.com/in/shanepatton/,
393,https://www.linkedin.com/in/sladay/,view-source:https://www.linkedin.com/in/sladay/,
394,https://www.linkedin.com/in/sharvahassamal/,view-source:https://www.linkedin.com/in/sharvahassamal/,
395,https://www.linkedin.com/in/Not Found/,view-source:https://www.linkedin.com/in/Not Found/,
396,https://www.linkedin.com/in/sheelanrao/,view-source:https://www.linkedin.com/in/sheelanrao/,
397,https://www.linkedin.com/in/Not Found/,view-source:https://www.linkedin.com/in/Not Found/,
398,https://www.linkedin.com/in/showvik-sizan-5ab3bb32/,view-source:https://www.linkedin.com/in/showvik-sizan-5ab3bb32/,
399,https://www.linkedin.com/in/shreeshajay/,view-source:https://www.linkedin.com/in/shreeshajay/,
400,https://www.linkedin.com/in/siddarthshankarramaswamy/,view-source:https://www.linkedin.com/in/siddarthshankarramaswamy/,
401,https://www.linkedin.com/in/sivakumar-singamsetty-2a68a64/,view-source:https://www.linkedin.com/in/sivakumar-singamsetty-2a68a64/,
402,https://www.linkedin.com/in/sophiedaly/,view-source:https://www.linkedin.com/in/sophiedaly/,
403,https://www.linkedin.com/in/francker/,view-source:https://www.linkedin.com/in/francker/,
404,https://www.linkedin.com/in/soumyashreedas/,view-source:https://www.linkedin.com/in/soumyashreedas/,
405,https://www.linkedin.com/in/sriharsha-pasupuleti-65abb322/,view-source:https://www.linkedin.com/in/sriharsha-pasupuleti-65abb322/,
406,https://www.linkedin.com/in/raorao/,view-source:https://www.linkedin.com/in/raorao/,
407,https://www.linkedin.com/in/sriram-chidambaram-narayanan-06ba7642/,view-source:https://www.linkedin.com/in/sriram-chidambaram-narayanan-06ba7642/,
408,https://www.linkedin.com/in/stephaniebuschette/,view-source:https://www.linkedin.com/in/stephaniebuschette/,
409,https://www.linkedin.com/in/stephen-bruce-b61b77ba/,view-source:https://www.linkedin.com/in/stephen-bruce-b61b77ba/,
410,https://www.linkedin.com/in/estevenporter/,view-source:https://www.linkedin.com/in/estevenporter/,
411,https://www.linkedin.com/in/sudeepsv/,view-source:https://www.linkedin.com/in/sudeepsv/,
412,https://www.linkedin.com/in/sudhasolayappan/,view-source:https://www.linkedin.com/in/sudhasolayappan/,
413,https://www.linkedin.com/in/sudhakardev/,view-source:https://www.linkedin.com/in/sudhakardev/,
414,https://www.linkedin.com/in/s-s-kumar/,view-source:https://www.linkedin.com/in/s-s-kumar/,
415,https://www.linkedin.com/in/sbalsara/,view-source:https://www.linkedin.com/in/sbalsara/,
416,https://www.linkedin.com/in/supriyaguha/,view-source:https://www.linkedin.com/in/supriyaguha/,
417,https://www.linkedin.com/in/sushants/,view-source:https://www.linkedin.com/in/sushants/,
418,https://www.linkedin.com/in/suzanne-smith-880a007a/,view-source:https://www.linkedin.com/in/suzanne-smith-880a007a/,
419,https://www.linkedin.com/in/hasan7/,view-source:https://www.linkedin.com/in/hasan7/,
420,https://www.linkedin.com/in/tanank/,view-source:https://www.linkedin.com/in/tanank/,
421,https://www.linkedin.com/in/tejas-sukhadia-4a64177/,view-source:https://www.linkedin.com/in/tejas-sukhadia-4a64177/,
422,https://www.linkedin.com/in/terence-ou-a0874a55/,view-source:https://www.linkedin.com/in/terence-ou-a0874a55/,
423,https://www.linkedin.com/in/teresa-yao-39050b2a/,view-source:https://www.linkedin.com/in/teresa-yao-39050b2a/,
424,https://www.linkedin.com/in/theodoroskatsikis/,view-source:https://www.linkedin.com/in/theodoroskatsikis/,
425,https://www.linkedin.com/in/thierry-oberle-b77370b9/,view-source:https://www.linkedin.com/in/thierry-oberle-b77370b9/,
426,https://www.linkedin.com/in/thomaskabraham/,view-source:https://www.linkedin.com/in/thomaskabraham/,
427,https://www.linkedin.com/in/thomas-park-2830476/,view-source:https://www.linkedin.com/in/thomas-park-2830476/,
428,https://www.linkedin.com/in/tianyuxu/,view-source:https://www.linkedin.com/in/tianyuxu/,
429,https://www.linkedin.com/in/tiffany-li-64814a49/,view-source:https://www.linkedin.com/in/tiffany-li-64814a49/,
430,https://www.linkedin.com/in/Not Found/,view-source:https://www.linkedin.com/in/Not Found/,
431,https://www.linkedin.com/in/tomasoliverangeltun/,view-source:https://www.linkedin.com/in/tomasoliverangeltun/,
432,https://www.linkedin.com/in/tomoyuki-shikata-47a53071/,view-source:https://www.linkedin.com/in/tomoyuki-shikata-47a53071/,
433,https://www.linkedin.com/in/anthonyhepp/,view-source:https://www.linkedin.com/in/anthonyhepp/,
434,https://www.linkedin.com/in/tonyross1979/,view-source:https://www.linkedin.com/in/tonyross1979/,
435,https://www.linkedin.com/in/troymagennis/,view-source:https://www.linkedin.com/in/troymagennis/,
436,https://www.linkedin.com/in/Not Found/,view-source:https://www.linkedin.com/in/Not Found/,
437,https://www.linkedin.com/in/vaibhav-shrivastava-32679522/,view-source:https://www.linkedin.com/in/vaibhav-shrivastava-32679522/,
438,https://www.linkedin.com/in/vgiagkoulas/,view-source:https://www.linkedin.com/in/vgiagkoulas/,
439,https://www.linkedin.com/in/victormartinez/,view-source:https://www.linkedin.com/in/victormartinez/,
440,https://www.linkedin.com/in/Not Found/,view-source:https://www.linkedin.com/in/Not Found/,
441,https://www.linkedin.com/in/Not Found/,view-source:https://www.linkedin.com/in/Not Found/,
442,https://www.linkedin.com/in/vikashsingh3/,view-source:https://www.linkedin.com/in/vikashsingh3/,
443,https://www.linkedin.com/in/vikramkone/,view-source:https://www.linkedin.com/in/vikramkone/,
444,https://www.linkedin.com/in/vnsuba/,view-source:https://www.linkedin.com/in/vnsuba/,
445,https://www.linkedin.com/in/kadamvinay/,view-source:https://www.linkedin.com/in/kadamvinay/,
446,https://www.linkedin.com/in/vincent-bersagol-2544596/,view-source:https://www.linkedin.com/in/vincent-bersagol-2544596/,
447,https://www.linkedin.com/in/vinodneelakantan/,view-source:https://www.linkedin.com/in/vinodneelakantan/,
448,https://www.linkedin.com/in/vishal-arora-058a3316/,view-source:https://www.linkedin.com/in/vishal-arora-058a3316/,
449,https://www.linkedin.com/in/vivek-gupta-4064b99/,view-source:https://www.linkedin.com/in/vivek-gupta-4064b99/,
450,https://www.linkedin.com/in/vivek-nayini-57691917/,view-source:https://www.linkedin.com/in/vivek-nayini-57691917/,
451,https://www.linkedin.com/in/wadewimer/,view-source:https://www.linkedin.com/in/wadewimer/,
452,https://www.linkedin.com/in/wai-mun-lek-954b77124/,view-source:https://www.linkedin.com/in/wai-mun-lek-954b77124/,
453,https://www.linkedin.com/in/waj-khan-4233524/,view-source:https://www.linkedin.com/in/waj-khan-4233524/,
454,https://www.linkedin.com/in/walterkissling/,view-source:https://www.linkedin.com/in/walterkissling/,
455,https://www.linkedin.com/in/Not Found/,view-source:https://www.linkedin.com/in/Not Found/,
456,https://www.linkedin.com/in/yaowayne/,view-source:https://www.linkedin.com/in/yaowayne/,
457,https://www.linkedin.com/in/wei-yi-ang-b4822b2b/,view-source:https://www.linkedin.com/in/wei-yi-ang-b4822b2b/,
458,https://www.linkedin.com/in/xinran-tang-b57819a4/,view-source:https://www.linkedin.com/in/xinran-tang-b57819a4/,
459,https://www.linkedin.com/in/yirga-mulat-12a553101/,view-source:https://www.linkedin.com/in/yirga-mulat-12a553101/,
460,https://www.linkedin.com/in/itani-yosuke-4b18b361/,view-source:https://www.linkedin.com/in/itani-yosuke-4b18b361/,
461,https://www.linkedin.com/in/Not Found/,view-source:https://www.linkedin.com/in/Not Found/,
462,https://www.linkedin.com/in/yumiyang/,view-source:https://www.linkedin.com/in/yumiyang/,
463,https://www.linkedin.com/in/ziyi-wang-phd-4210901/,view-source:https://www.linkedin.com/in/ziyi-wang-phd-4210901/,
